,price
1,1
2,1.002788376
3,1.024929312
4,1.030909629
5,1.022618159
6,1.026229875
7,1.019119895
8,1.045830316
9,1.046359326
10,1.02846745
11,0.999099271
12,1.003097367
13,1.004401451
14,0.997097642
15,0.992887782
16,1.008275654
17,1.002440377
18,0.999722439
19,1.013863925
20,1.019865254
21,1.034705511
22,1.047510349
23,1.049645365
24,1.051201677
25,1.060178259
26,1.060829754
27,1.065837193
28,1.073997733
29,1.065836592
30,1.07405549
31,1.065922414
32,1.069018305
33,1.072296469
34,1.071928748
35,1.074700061
36,1.076536511
37,1.070933314
38,1.074058024
39,1.076288916
40,1.052933011
41,1.069786191
42,1.070522083
43,1.08819837
44,1.066911839
45,1.0704391
46,1.098109638
47,1.081473439
48,1.05977292
49,1.04960242
50,1.045670568
51,1.044263481
52,1.04629088
53,1.03974863
54,1.037170344
55,1.0516334
56,1.039544993
57,1.044544097
58,1.050118127
59,1.054942692
60,1.055414425
61,1.050050309
62,1.058438925
63,1.046401619
64,1.056736274
65,1.062238891
66,1.053948081
67,1.056589759
68,1.048659972
69,1.054588508
70,1.057729887
71,1.053889812
72,1.056072046
73,1.066694139
74,1.069283361
75,1.073243476
76,1.066478583
77,1.070401066
78,1.076010233
79,1.084543487
80,1.084007668
81,1.069842339
82,1.06639176
83,1.086070814
84,1.080558432
85,1.092784535
86,1.089016544
87,1.080459195
88,1.08507579
89,1.09250635
90,1.083731179
91,1.076666993
92,1.061573904
93,1.071515235
94,1.079467439
95,1.082532293
96,1.094487806
97,1.11146166
98,1.108004966
99,1.090623664
100,1.080748335
101,1.078191324
102,1.088225512
103,1.084342241
104,1.072336508
105,1.080836472
106,1.087342663
107,1.090831899
108,1.102982534
109,1.089216465
110,1.087866013
111,1.082112916
112,1.086009132
113,1.076558839
114,1.064728414
115,1.076565913
116,1.076061079
117,1.078085084
118,1.081346913
119,1.082899821
120,1.090588432
121,1.100471303
122,1.101298126
123,1.113741279
124,1.116749819
125,1.122636123
126,1.123273822
127,1.104515314
128,1.124547411
129,1.118975376
130,1.116344705
131,1.117668053
132,1.097677646
133,1.100997278
134,1.09676507
135,1.083091878
136,1.081847142
137,1.075901189
138,1.072783346
139,1.083116597
140,1.096359737
141,1.080208015
142,1.091121187
143,1.085476223
144,1.076616627
145,1.072624108
146,1.068389226
147,1.07626963
148,1.079580272
149,1.081559059
150,1.083618059
151,1.069968365
152,1.069378787
153,1.064008484
154,1.068928764
155,1.063358087
156,1.05765407
157,1.04997857
158,1.034608574
159,1.031394509
160,1.037653449
161,1.046366488
162,1.037183914
163,1.038059332
164,1.034532381
165,1.020059294
166,1.015032151
167,1.029960495
168,1.04642775
169,1.057049572
170,1.052790506
171,1.056314234
172,1.05584751
173,1.062032894
174,1.071158412
175,1.0539521
176,1.044223203
177,1.03762594
178,1.0179023
179,0.997977619
180,0.998140665
181,1.009284517
182,1.00793626
183,1.010401155
184,0.998322461
185,1.005248832
186,1.000167101
187,0.98988232
188,0.974991765
189,0.975742017
190,0.966817818
191,0.957679004
192,0.965272703
193,0.960757043
194,0.948916065
195,0.93363969
196,0.935418624
197,0.951278876
198,0.948351549
199,0.938646944
200,0.947038725
201,0.957962264
202,0.963555243
203,0.967095081
204,0.957143988
205,0.948647339
206,0.950680197
207,0.967468683
208,0.973664325
209,0.975372868
210,0.976170325
211,0.970462281
212,0.958765017
213,0.959747653
214,0.976131976
215,0.962435353
216,0.966099487
217,0.966352954
218,0.970241872
219,0.968707569
220,0.958207287
221,0.958727783
222,0.946387824
223,0.958751238
224,0.971351651
225,0.961168229
226,0.97143526
227,0.953351729
228,0.955346834
229,0.964842509
230,0.962291218
231,0.948528884
232,0.950773801
233,0.962438795
234,0.973887398
235,0.973738711
236,0.967407368
237,0.968953012
238,0.976407245
239,0.998226709
240,1.000706625
241,0.996836191
242,0.99678149
243,0.991142626
244,0.975515702
245,0.984328293
246,0.990500572
247,0.98789713
248,0.969687056
249,0.93073149
250,0.923104339
251,0.931637911
252,0.921667918
253,0.932209161
254,0.929465498
255,0.935782535
256,0.940284236
257,0.944685207
258,0.934649526
259,0.920918113
260,0.921156227
261,0.93270132
262,0.928749187
263,0.922613771
264,0.927163985
265,0.920398201
266,0.935461884
267,0.92301759
268,0.919064339
269,0.912292515
270,0.920646647
271,0.923703833
272,0.910478117
273,0.930295713
274,0.914331401
275,0.919335357
276,0.927659479
277,0.925539678
278,0.93301401
279,0.917394704
280,0.911381815
281,0.919119434
282,0.905435581
283,0.8820138
284,0.87739495
285,0.872134788
286,0.866455094
287,0.866148475
288,0.856666863
289,0.841216523
290,0.832183746
291,0.822187063
292,0.816977694
293,0.819886629
294,0.830735302
295,0.817156175
296,0.821077859
297,0.817475287
298,0.829846735
299,0.821969865
300,0.813378183
301,0.797525049
302,0.798760199
303,0.800580553
304,0.806480582
305,0.796553905
306,0.806622934
307,0.824330544
308,0.82573526
309,0.815273462
310,0.823043988
311,0.818724173
312,0.805754577
313,0.796475566
314,0.809737411
315,0.808414483
316,0.799903872
317,0.801129398
318,0.802114852
319,0.80529924
320,0.799525738
321,0.812319911
322,0.807722871
323,0.810342154
324,0.826028741
325,0.823617071
326,0.84296375
327,0.847018235
328,0.85012031
329,0.861360169
330,0.847985692
331,0.839684329
332,0.841871886
333,0.842141987
334,0.857451251
335,0.869439911
336,0.876521342
337,0.883230038
338,0.877769537
339,0.885662251
340,0.897279283
341,0.882290115
342,0.876782749
343,0.886028431
344,0.878845998
345,0.870938807
346,0.856467412
347,0.846050222
348,0.844886083
349,0.835234365
350,0.822938325
351,0.840988818
352,0.8393544
353,0.835949719
354,0.83462438
355,0.824461743
356,0.811579966
357,0.806608961
358,0.794354455
359,0.802490165
360,0.822681542
361,0.81814064
362,0.831485549
363,0.829574056
364,0.818984676
365,0.819372431
366,0.817611514
367,0.78725635
368,0.771104682
369,0.771354496
370,0.7888118
371,0.778358273
372,0.792858393
373,0.793160372
374,0.787503941
375,0.785453253
376,0.775438205
377,0.77391783
378,0.774621335
379,0.774072575
380,0.763052993
381,0.771806373
382,0.769587015
383,0.776139085
384,0.79316611
385,0.800464298
386,0.791660574
387,0.794316806
388,0.803670138
389,0.814475157
390,0.811369898
391,0.807786527
392,0.80767745
393,0.798970673
394,0.776463046
395,0.76293966
396,0.771983277
397,0.783115657
398,0.779444861
399,0.773274322
400,0.788492025
401,0.792535784
402,0.800530942
403,0.795327751
404,0.80662581
405,0.803527561
406,0.790114097
407,0.771077061
408,0.760986778
409,0.756956541
410,0.757083004
411,0.744403114
412,0.749088395
413,0.753332829
414,0.762057299
415,0.762678649
416,0.769468557
417,0.767127109
418,0.768707353
419,0.754801478
420,0.754369652
421,0.745719772
422,0.737577173
423,0.721372844
424,0.717965678
425,0.720415663
426,0.731303314
427,0.732893118
428,0.732885499
429,0.736040247
430,0.736886117
431,0.73227333
432,0.732666093
433,0.736078853
434,0.751130552
435,0.735293892
436,0.744818972
437,0.719924103
438,0.693908807
439,0.680721796
440,0.659310534
441,0.661148877
442,0.647806692
443,0.664836137
444,0.65966719
445,0.662525377
446,0.677614648
447,0.670896706
448,0.671397882
449,0.677330802
450,0.685767544
451,0.68315177
452,0.681297941
453,0.687149939
454,0.683142327
455,0.683029717
456,0.680159593
457,0.681463928
458,0.674258316
459,0.653805287
460,0.65995847
461,0.662678721
462,0.658263111
463,0.637028037
464,0.620203801
465,0.63119085
466,0.618990161
467,0.609261179
468,0.611346257
469,0.603172989
470,0.612490863
471,0.596512771
472,0.591056685
473,0.582206534
474,0.58663455
475,0.589506584
476,0.593171587
477,0.596934952
478,0.604416914
479,0.613457866
480,0.613584104
481,0.610341228
482,0.612721082
483,0.612637635
484,0.604459611
485,0.60054442
486,0.607514504
487,0.614297919
488,0.611300415
489,0.620074668
490,0.620901221
491,0.614119115
492,0.620524405
493,0.623517753
494,0.626571788
495,0.61301732
496,0.611787605
497,0.626212829
498,0.629105632
499,0.639677048
500,0.632369697
501,0.635819176
502,0.649322661
503,0.674976927
504,0.668001047
505,0.678832967
506,0.682630406
507,0.663238736
508,0.659512805
509,0.645742246
510,0.64143411
511,0.649848849
512,0.640318262
513,0.646701229
514,0.657937978
515,0.64869044
516,0.642216981
517,0.638553854
518,0.648640264
519,0.665378044
520,0.65786937
521,0.658364647
522,0.665268808
523,0.685591467
524,0.678654963
525,0.666220122
526,0.668979764
527,0.674330589
528,0.659778253
529,0.646087568
530,0.649448973
531,0.660705053
532,0.650856254
533,0.637585732
534,0.637259367
535,0.649634193
536,0.649588946
537,0.656223449
538,0.643389652
539,0.635627969
540,0.628264371
541,0.616485435
542,0.617754657
543,0.623520125
544,0.624964647
545,0.63091538
546,0.628935522
547,0.625389492
548,0.644200712
549,0.663157782
550,0.673271012
551,0.671398294
552,0.672923814
553,0.675278029
554,0.685019372
555,0.68408521
556,0.686306197
557,0.681220504
558,0.688664095
559,0.703710855
560,0.701444116
561,0.702942282
562,0.700401472
563,0.696534464
564,0.69917079
565,0.699175725
566,0.690126177
567,0.681746796
568,0.665967362
569,0.67614767
570,0.667112136
571,0.667105297
572,0.653850144
573,0.654928879
574,0.636647619
575,0.600288253
576,0.597175308
577,0.599005792
578,0.600716673
579,0.60461137
580,0.604306923
581,0.613512425
582,0.597627671
583,0.590362222
584,0.611602305
585,0.600921789
586,0.594977901
587,0.602234759
588,0.602271266
589,0.609269711
590,0.623725587
591,0.625968081
592,0.612065804
593,0.623886302
594,0.62531486
595,0.62806302
596,0.636323843
597,0.619299221
598,0.617013736
599,0.617805866
600,0.618849701
601,0.621398617
602,0.627955254
603,0.62989686
604,0.623029791
605,0.621007545
606,0.614541261
607,0.619779493
608,0.617656548
609,0.616896488
610,0.626211055
611,0.627810478
612,0.632296663
613,0.635621877
614,0.628512053
615,0.640697126
616,0.6493865
617,0.658461449
618,0.653130437
619,0.65567631
620,0.656633138
621,0.65962794
622,0.653754882
623,0.647139463
624,0.644404603
625,0.626744875
626,0.617577276
627,0.61269192
628,0.633969721
629,0.644588251
630,0.656434148
631,0.656125828
632,0.6509475
633,0.64148123
634,0.633986801
635,0.623727573
636,0.635380433
637,0.633833647
638,0.642820778
639,0.642438776
640,0.639629401
641,0.64220983
642,0.642996198
643,0.645503494
644,0.650113097
645,0.645116641
646,0.627946351
647,0.630841433
648,0.649489494
649,0.654434623
650,0.651300066
651,0.647068675
652,0.637617963
653,0.630104478
654,0.609390847
655,0.609908377
656,0.60785802
657,0.616794493
658,0.626083933
659,0.632677294
660,0.641017558
661,0.639490264
662,0.655515559
663,0.655997578
664,0.6492443
665,0.649827805
666,0.657459068
667,0.652952188
668,0.65997999
669,0.661129443
670,0.679749125
671,0.694678014
672,0.690069288
673,0.692905949
674,0.6878413
675,0.68382222
676,0.693302822
677,0.683554598
678,0.679071388
679,0.669846613
680,0.673607484
681,0.675087795
682,0.685067118
683,0.698620951
684,0.696488869
685,0.682423195
686,0.671398217
687,0.662164835
688,0.68179835
689,0.696582162
690,0.679014988
691,0.691606219
692,0.686261682
693,0.682541748
694,0.683000307
695,0.666572761
696,0.661987486
697,0.674493744
698,0.682438544
699,0.713255904
700,0.704309917
701,0.704212856
702,0.703969041
703,0.702163067
704,0.696323867
705,0.690788026
706,0.684316855
707,0.668536463
708,0.671983598
709,0.677518462
710,0.665411366
711,0.650488619
712,0.643482305
713,0.630330085
714,0.62584343
715,0.63542881
716,0.640299137
717,0.637764209
718,0.643162318
719,0.646262861
720,0.655247781
721,0.651237766
722,0.636691384
723,0.663313602
724,0.653755185
725,0.641216843
726,0.648053759
727,0.656909184
728,0.643489468
729,0.640701575
730,0.63278229
731,0.627084469
732,0.618376961
733,0.629095508
734,0.646288661
735,0.660692269
736,0.665915567
737,0.659712811
738,0.652423042
739,0.656000257
740,0.646698547
741,0.671856905
742,0.687614203
743,0.684668402
744,0.690703508
745,0.70259346
746,0.710034458
747,0.713043695
748,0.71938035
749,0.718155727
750,0.715364413
751,0.712880698
752,0.719755833
753,0.736191732
754,0.730173077
755,0.73026054
756,0.748289543
757,0.747264827
758,0.7472343
759,0.748226244
760,0.732935868
761,0.72692828
762,0.728897358
763,0.717220129
764,0.720642584
765,0.703756922
766,0.7089607
767,0.707612482
768,0.72296546
769,0.717871427
770,0.714792155
771,0.722142134
772,0.723235825
773,0.721279117
774,0.721219648
775,0.715809104
776,0.716212217
777,0.707789671
778,0.704204143
779,0.694475465
780,0.712245628
781,0.710126762
782,0.722874398
783,0.718917743
784,0.730201698
785,0.746005762
786,0.736330667
787,0.734904723
788,0.750930422
789,0.749423218
790,0.754122815
791,0.756754985
792,0.74422787
793,0.744166394
794,0.742404644
795,0.752577572
796,0.741017001
797,0.74546868
798,0.746825316
799,0.739554785
800,0.743334518
801,0.74320937
802,0.728381979
803,0.727958992
804,0.72092048
805,0.73171153
806,0.709174172
807,0.702156285
808,0.718568885
809,0.720548959
810,0.708423385
811,0.738436557
812,0.736295089
813,0.717391133
814,0.71072943
815,0.705923651
816,0.70337126
817,0.69278845
818,0.678125918
819,0.679986015
820,0.683819371
821,0.691550748
822,0.690741722
823,0.67918373
824,0.671249813
825,0.677986473
826,0.681915241
827,0.689365347
828,0.688386227
829,0.679582245
830,0.683480412
831,0.696928266
832,0.679394096
833,0.703367582
834,0.711971177
835,0.70413106
836,0.693558335
837,0.716576116
838,0.710992566
839,0.709959552
840,0.723451061
841,0.727885065
842,0.712776133
843,0.712139063
844,0.7192909
845,0.707280233
846,0.71754777
847,0.736237065
848,0.750612697
849,0.740135957
850,0.728156444
851,0.720702816
852,0.708674918
853,0.697846374
854,0.711980555
855,0.722364561
856,0.717072553
857,0.729701202
858,0.723504919
859,0.710448988
860,0.736892799
861,0.728425798
862,0.739496932
863,0.747585294
864,0.746984055
865,0.765950315
866,0.761414107
867,0.753900193
868,0.760807988
869,0.781878962
870,0.773262635
871,0.787749477
872,0.796867107
873,0.795294133
874,0.804719882
875,0.809590677
876,0.815733348
877,0.794827047
878,0.789835393
879,0.780382305
880,0.767754919
881,0.756395256
882,0.761149099
883,0.763430806
884,0.76423713
885,0.774671697
886,0.764181923
887,0.751926519
888,0.749730986
889,0.749543204
890,0.750676814
891,0.747031749
892,0.74356068
893,0.749729759
894,0.740771322
895,0.731390054
896,0.741950145
897,0.731529009
898,0.731402273
899,0.73233162
900,0.734679686
901,0.723184003
902,0.719852013
903,0.714859069
904,0.705433249
905,0.704112754
906,0.705859575
907,0.718081862
908,0.702397271
909,0.702885044
910,0.698248729
911,0.698949324
912,0.696567074
913,0.697472344
914,0.705244896
915,0.688942669
916,0.693821893
917,0.691937545
918,0.687956987
919,0.699365637
920,0.701426931
921,0.687646983
922,0.693106717
923,0.67305633
924,0.652938163
925,0.656840154
926,0.65697874
927,0.645187621
928,0.664791522
929,0.66843694
930,0.663181826
931,0.662237124
932,0.65251124
933,0.645765782
934,0.6512533
935,0.631200393
936,0.630762355
937,0.620982862
938,0.607892682
939,0.599007698
940,0.604068065
941,0.60898492
942,0.591738375
943,0.589051388
944,0.594139193
945,0.573561111
946,0.566182328
947,0.574184592
948,0.57619129
949,0.577249681
950,0.58208469
951,0.572730976
952,0.579436214
953,0.595481027
954,0.595306572
955,0.575075528
956,0.585357122
957,0.576760903
958,0.587804593
959,0.576924759
960,0.57583807
961,0.54784036
962,0.558090266
963,0.537426673
964,0.542670663
965,0.546938493
966,0.546648738
967,0.532034317
968,0.533208069
969,0.520677309
970,0.517032889
971,0.513901734
972,0.501026907
973,0.503643328
974,0.499501144
975,0.506097731
976,0.51745815
977,0.514600966
978,0.522683634
979,0.531942824
980,0.531712414
981,0.526339562
982,0.530138827
983,0.518102423
984,0.510200509
985,0.510555503
986,0.522087079
987,0.526543689
988,0.547122471
989,0.557581999
990,0.558599968
991,0.583574662
992,0.590266691
993,0.601368957
994,0.600096599
995,0.594682097
996,0.600528051
997,0.601376113
998,0.593220764
999,0.594980283
1000,0.592564978
1001,0.576555624
1002,0.574469233
1003,0.574136273
1004,0.569892427
1005,0.581281954
1006,0.58654273
1007,0.585829084
1008,0.587371982
1009,0.593145415
1010,0.606847807
1011,0.60106594
1012,0.616933594
1013,0.628237498
1014,0.630898978
1015,0.645393391
1016,0.631959051
1017,0.626359691
1018,0.629945259
1019,0.645034792
1020,0.654158496
1021,0.657171487
1022,0.645897345
1023,0.640792642
1024,0.662629986
1025,0.657249265
1026,0.647186916
1027,0.625569558
1028,0.607908976
1029,0.606039338
1030,0.604864653
1031,0.604829452
1032,0.590278718
1033,0.606174771
1034,0.61627476
1035,0.596554536
1036,0.594667625
1037,0.583485553
1038,0.590702282
1039,0.616597224
1040,0.622856758
1041,0.614903389
1042,0.625469211
1043,0.618485624
1044,0.60012282
1045,0.590122223
1046,0.588475434
1047,0.591287888
1048,0.598647196
1049,0.590017258
1050,0.596096711
1051,0.58392128
1052,0.587919814
1053,0.59907792
1054,0.611901274
1055,0.603852993
1056,0.608458408
1057,0.613377085
1058,0.602426312
1059,0.59471147
1060,0.603424155
1061,0.6134196
1062,0.601138284
1063,0.606741886
1064,0.621018303
1065,0.61908247
1066,0.622727529
1067,0.638974075
1068,0.632688246
1069,0.645846776
1070,0.643584844
1071,0.640143486
1072,0.659381055
1073,0.655480956
1074,0.669848561
1075,0.680697137
1076,0.680330073
1077,0.670040195
1078,0.685550414
1079,0.688853774
1080,0.695252834
1081,0.698519936
1082,0.69250288
1083,0.675837908
1084,0.6697998
1085,0.665752741
1086,0.668199783
1087,0.658692803
1088,0.656246527
1089,0.652635687
1090,0.66312205
1091,0.64972206
1092,0.656615503
1093,0.641259521
1094,0.642250413
1095,0.644970148
1096,0.643092848
1097,0.637762228
1098,0.619623533
1099,0.628067167
1100,0.62479698
1101,0.625605544
1102,0.627631549
1103,0.636153301
1104,0.637965176
1105,0.644707573
1106,0.630568394
1107,0.629590512
1108,0.631807344
1109,0.619646279
1110,0.624541528
1111,0.648222027
1112,0.633050773
1113,0.627504939
1114,0.621878786
1115,0.633888649
1116,0.634123665
1117,0.645644831
1118,0.651568477
1119,0.65692048
1120,0.650011323
1121,0.651173461
1122,0.659332221
1123,0.666090867
1124,0.680181662
1125,0.680449057
1126,0.687780877
1127,0.690888477
1128,0.689875781
1129,0.692488128
1130,0.693580178
1131,0.715717957
1132,0.721297902
1133,0.714253332
1134,0.700481987
1135,0.694964507
1136,0.693148303
1137,0.687017968
1138,0.68373243
1139,0.694500253
1140,0.691672816
1141,0.696969244
1142,0.686930673
1143,0.692214545
1144,0.697349682
1145,0.70699612
1146,0.703292883
1147,0.709851296
1148,0.693232185
1149,0.703438393
1150,0.710854523
1151,0.715517482
1152,0.717815891
1153,0.708252363
1154,0.714992759
1155,0.709873257
1156,0.717386502
1157,0.72561542
1158,0.738486881
1159,0.760531674
1160,0.756714485
1161,0.756447826
1162,0.756139384
1163,0.738552734
1164,0.748223185
1165,0.749482604
1166,0.751628682
1167,0.728177993
1168,0.738000982
1169,0.740544293
1170,0.727345865
1171,0.725526902
1172,0.744196512
1173,0.743272826
1174,0.724308742
1175,0.719930706
1176,0.717619164
1177,0.721525237
1178,0.709263432
1179,0.695607831
1180,0.707345418
1181,0.716947119
1182,0.711417379
1183,0.703771757
1184,0.707665075
1185,0.704127231
1186,0.709351173
1187,0.706083098
1188,0.705503444
1189,0.684070923
1190,0.689478317
1191,0.694541421
1192,0.702628525
1193,0.721596004
1194,0.750099574
1195,0.750718282
1196,0.760408361
1197,0.771732187
1198,0.784150799
1199,0.779303429
1200,0.770672969
1201,0.780589729
1202,0.780959311
1203,0.785726163
1204,0.784990875
1205,0.785390165
1206,0.789471308
1207,0.78331715
1208,0.7887824
1209,0.793386852
1210,0.787330603
1211,0.790077607
1212,0.784587525
1213,0.758765234
1214,0.765526118
1215,0.756649021
1216,0.772848665
1217,0.774164625
1218,0.77550814
1219,0.778302486
1220,0.777698602
1221,0.776611776
1222,0.786530535
1223,0.792995408
1224,0.791002812
1225,0.79705518
1226,0.796884658
1227,0.792726035
1228,0.808855746
1229,0.816750161
1230,0.828915565
1231,0.822528055
1232,0.819029197
1233,0.82256571
1234,0.840710969
1235,0.835929861
1236,0.838864728
1237,0.84024823
1238,0.853081535
1239,0.854248406
1240,0.844912542
1241,0.839571407
1242,0.829143473
1243,0.825137531
1244,0.831029631
1245,0.833470394
1246,0.837054934
1247,0.845592111
1248,0.882268562
1249,0.891455791
1250,0.892464778
1251,0.875755622
1252,0.872402304
1253,0.876962652
1254,0.886428698
1255,0.882556028
1256,0.891650964
1257,0.881788858
1258,0.902743993
1259,0.909451892
1260,0.931833969
1261,0.917638096
1262,0.914673761
1263,0.90444577
1264,0.893250208
1265,0.896733065
1266,0.899923769
1267,0.895691063
1268,0.890665857
1269,0.902741518
1270,0.902618969
1271,0.869305864
1272,0.880416687
1273,0.894215791
1274,0.894919855
1275,0.909309545
1276,0.906881038
1277,0.908838635
1278,0.920038007
1279,0.928555391
1280,0.93452194
1281,0.946193606
1282,0.93158623
1283,0.928366138
1284,0.918948132
1285,0.917639442
1286,0.919767813
1287,0.922171861
1288,0.921786318
1289,0.912578068
1290,0.923221544
1291,0.91034948
1292,0.908973621
1293,0.907049974
1294,0.910201866
1295,0.905174397
1296,0.917163249
1297,0.907849088
1298,0.916845969
1299,0.90188596
1300,0.91041895
1301,0.908283412
1302,0.892176718
1303,0.901560807
1304,0.900678657
1305,0.89719522
1306,0.8950607
1307,0.882984088
1308,0.885088411
1309,0.909799724
1310,0.88603449
1311,0.890229959
1312,0.896515635
1313,0.888582574
1314,0.90002402
1315,0.895442628
1316,0.886193505
1317,0.888854486
1318,0.877338756
1319,0.867565006
1320,0.864668822
1321,0.880816095
1322,0.907659487
1323,0.90290047
1324,0.893895268
1325,0.889582442
1326,0.894525835
1327,0.882035487
1328,0.877178055
1329,0.880309017
1330,0.885394175
1331,0.883614458
1332,0.875913648
1333,0.874831816
1334,0.888897723
1335,0.879483887
1336,0.877156624
1337,0.871522344
1338,0.879595838
1339,0.880319552
1340,0.888798879
1341,0.896646409
1342,0.889139613
1343,0.880337677
1344,0.86089394
1345,0.853947134
1346,0.856105567
1347,0.872810138
1348,0.871327253
1349,0.865402379
1350,0.881101835
1351,0.878663817
1352,0.896863327
1353,0.900591523
1354,0.893149004
1355,0.873191232
1356,0.853529197
1357,0.852213284
1358,0.851314246
1359,0.848556129
1360,0.844897848
1361,0.855059133
1362,0.861789692
1363,0.874600554
1364,0.87326991
1365,0.884429685
1366,0.896759618
1367,0.901260293
1368,0.890711824
1369,0.899320521
1370,0.879458046
1371,0.886150821
1372,0.88322456
1373,0.882636413
1374,0.882471098
1375,0.878325263
1376,0.876200441
1377,0.878617607
1378,0.884340203
1379,0.891115324
1380,0.909445652
1381,0.906821442
1382,0.905881347
1383,0.912305846
1384,0.912258471
1385,0.904825539
1386,0.898190662
1387,0.894526332
1388,0.88132823
1389,0.883817309
1390,0.879849327
1391,0.884727241
1392,0.884592586
1393,0.903712453
1394,0.901914489
1395,0.888997204
1396,0.877413301
1397,0.868940059
1398,0.87114457
1399,0.861371307
1400,0.85196932
1401,0.856269859
1402,0.86219932
1403,0.870085739
1404,0.870406543
1405,0.864868782
1406,0.863215761
1407,0.875437824
1408,0.890386634
1409,0.887069691
1410,0.879598893
1411,0.875712395
1412,0.886951481
1413,0.885401214
1414,0.874431754
1415,0.883341067
1416,0.885116376
1417,0.882126005
1418,0.893305177
1419,0.894113159
1420,0.883725229
1421,0.888306181
1422,0.875405035
1423,0.858718944
1424,0.858447687
1425,0.845096865
1426,0.856690112
1427,0.846356867
1428,0.839598917
1429,0.85122378
1430,0.847262074
1431,0.845573947
1432,0.849659517
1433,0.854695121
1434,0.870150983
1435,0.87710869
1436,0.890417619
1437,0.881008448
1438,0.875565777
1439,0.875055916
1440,0.8732894
1441,0.891079875
1442,0.880796958
1443,0.877882148
1444,0.883444166
1445,0.861245029
1446,0.852075979
1447,0.850115221
1448,0.847585075
1449,0.862029503
1450,0.850802475
1451,0.834691441
1452,0.825294832
1453,0.849138021
1454,0.848520093
1455,0.86491635
1456,0.864102478
1457,0.868922606
1458,0.846390979
1459,0.841527594
1460,0.836432998
1461,0.828982504
1462,0.839269526
1463,0.833149933
1464,0.843314261
1465,0.8567893
1466,0.847040671
1467,0.826774517
1468,0.805067972
1469,0.806914404
1470,0.811263794
1471,0.82063865
1472,0.826959066
1473,0.803297224
1474,0.802332868
1475,0.802751485
1476,0.802270333
1477,0.803626642
1478,0.794523612
1479,0.79812534
1480,0.790776983
1481,0.791311901
1482,0.790535871
1483,0.802851596
1484,0.798049306
1485,0.781859135
1486,0.791844492
1487,0.793872304
1488,0.818139474
1489,0.82425997
1490,0.810355957
1491,0.799119422
1492,0.790933743
1493,0.789354923
1494,0.791302122
1495,0.786578078
1496,0.798331358
1497,0.796292406
1498,0.778947782
1499,0.765815183
1500,0.757559117
1501,0.762745489
1502,0.760179844
1503,0.775093193
1504,0.779139606
1505,0.792788113
1506,0.811676767
1507,0.798250193
1508,0.788512742
1509,0.79430237
1510,0.808195538
1511,0.800222254
1512,0.817962501
1513,0.812825995
1514,0.821965905
1515,0.821735598
1516,0.808662434
1517,0.82616954
1518,0.812375663
1519,0.815878471
1520,0.822846104
1521,0.821501692
1522,0.819955324
1523,0.828018023
1524,0.827521905
1525,0.808548497
1526,0.797128933
1527,0.796780706
1528,0.82034673
1529,0.835022835
1530,0.837094299
1531,0.81519477
1532,0.823207858
1533,0.830879471
1534,0.833465934
1535,0.83376978
1536,0.831225383
1537,0.823554562
1538,0.820674915
1539,0.834937731
1540,0.841305807
1541,0.844324271
1542,0.842926933
1543,0.837218219
1544,0.838153493
1545,0.831069997
1546,0.847629006
1547,0.863219226
1548,0.888931875
1549,0.895274522
1550,0.89197847
1551,0.883439741
1552,0.896409364
1553,0.896270085
1554,0.904902373
1555,0.894323922
1556,0.88247201
1557,0.881873715
1558,0.872058782
1559,0.87602321
1560,0.882591055
1561,0.877309325
1562,0.890214149
1563,0.888384413
1564,0.889015025
1565,0.873269269
1566,0.868464728
1567,0.862427993
1568,0.867218357
1569,0.861186179
1570,0.862547397
1571,0.846723428
1572,0.846762256
1573,0.847879387
1574,0.860865911
1575,0.881129619
1576,0.881679298
1577,0.872926186
1578,0.876374972
1579,0.885729829
1580,0.871234345
1581,0.853936314
1582,0.852372571
1583,0.867015303
1584,0.879830134
1585,0.873490835
1586,0.855352232
1587,0.844338937
1588,0.843560055
1589,0.863383144
1590,0.859771932
1591,0.867624655
1592,0.887592486
1593,0.873929051
1594,0.866403669
1595,0.863527842
1596,0.870348221
1597,0.864437213
1598,0.868736562
1599,0.874736526
1600,0.866271978
1601,0.864771694
1602,0.869712131
1603,0.88055591
1604,0.887743965
1605,0.885580597
1606,0.889178297
1607,0.865512107
1608,0.867473993
1609,0.865164957
1610,0.856768907
1611,0.85264572
1612,0.86876982
1613,0.865703379
1614,0.857901149
1615,0.853511483
1616,0.845496547
1617,0.843302606
1618,0.851734252
1619,0.863280204
1620,0.871145614
1621,0.858049259
1622,0.87017312
1623,0.873194723
1624,0.847112735
1625,0.857590799
1626,0.855703012
1627,0.870289656
1628,0.854964021
1629,0.865294229
1630,0.863943168
1631,0.87592451
1632,0.878634828
1633,0.866537911
1634,0.862325425
1635,0.850372709
1636,0.848651884
1637,0.849094864
1638,0.843591264
1639,0.851766462
1640,0.853385257
1641,0.855466559
1642,0.852647919
1643,0.852991047
1644,0.861846546
1645,0.863697122
1646,0.87223311
1647,0.894288064
1648,0.883294574
1649,0.894265562
1650,0.901659712
1651,0.90690026
1652,0.911122771
1653,0.904922491
1654,0.916766904
1655,0.899440027
1656,0.897450813
1657,0.912946931
1658,0.904279884
1659,0.918058129
1660,0.920913326
1661,0.936620484
1662,0.931193696
1663,0.921560168
1664,0.900736713
1665,0.90003898
1666,0.895145272
1667,0.898252939
1668,0.914960771
1669,0.904995283
1670,0.891019131
1671,0.886815692
1672,0.910810067
1673,0.900576406
1674,0.902033271
1675,0.910445495
1676,0.899845023
1677,0.899072473
1678,0.882561095
1679,0.893482909
1680,0.896698805
1681,0.911899741
1682,0.899938356
1683,0.902167835
1684,0.893720188
1685,0.862390268
1686,0.869084718
1687,0.882789412
1688,0.872899683
1689,0.873836156
1690,0.876418417
1691,0.876291405
1692,0.85980131
1693,0.857498602
1694,0.856708131
1695,0.839423725
1696,0.836029165
1697,0.838493257
1698,0.849112891
1699,0.848865509
1700,0.839825182
1701,0.846206081
1702,0.857033878
1703,0.869282804
1704,0.870134212
1705,0.8705491
1706,0.875731716
1707,0.877924775
1708,0.897313738
1709,0.881490134
1710,0.899789956
1711,0.900073698
1712,0.90691664
1713,0.921717604
1714,0.914272827
1715,0.933264078
1716,0.928083847
1717,0.923743087
1718,0.926475527
1719,0.925765338
1720,0.918861205
1721,0.926736234
1722,0.918431055
1723,0.913730599
1724,0.922555658
1725,0.926483559
1726,0.917927357
1727,0.919733405
1728,0.916529991
1729,0.904709954
1730,0.895268803
1731,0.89169057
1732,0.876804786
1733,0.861542558
1734,0.863910894
1735,0.853642743
1736,0.865004308
1737,0.859220529
1738,0.870909543
1739,0.8756338
1740,0.870970776
1741,0.886171577
1742,0.895657671
1743,0.890317623
1744,0.89020227
1745,0.897588533
1746,0.889561045
1747,0.888877118
1748,0.885047433
1749,0.885559815
1750,0.895278898
1751,0.877015565
1752,0.879453076
1753,0.884942686
1754,0.882044516
1755,0.892883777
1756,0.886697054
1757,0.884265521
1758,0.884822278
1759,0.888597041
1760,0.877406337
1761,0.872854423
1762,0.872429883
1763,0.868956052
1764,0.866501407
1765,0.854645522
1766,0.849115499
1767,0.860577116
1768,0.853237964
1769,0.856295784
1770,0.839334114
1771,0.824231676
1772,0.832423851
1773,0.828469254
1774,0.83084059
1775,0.847296366
1776,0.851315131
1777,0.864762657
1778,0.848968884
1779,0.848541381
1780,0.860126338
1781,0.868717454
1782,0.874945408
1783,0.870098567
1784,0.863648939
1785,0.870424311
1786,0.848835662
1787,0.856372819
1788,0.844565751
1789,0.843412329
1790,0.831552329
1791,0.833898419
1792,0.838296203
1793,0.81921418
1794,0.811584828
1795,0.81979069
1796,0.822946132
1797,0.833708934
1798,0.83685707
1799,0.837737602
1800,0.832593702
1801,0.84659982
1802,0.864562254
1803,0.86121763
1804,0.853712458
1805,0.853207603
1806,0.862772701
1807,0.857453675
1808,0.85298742
1809,0.831090066
1810,0.8143657
1811,0.823594051
1812,0.817214964
1813,0.817262557
1814,0.815194645
1815,0.818309182
1816,0.810619412
1817,0.793779237
1818,0.798498317
1819,0.785225753
1820,0.768365406
1821,0.760649756
1822,0.751589828
1823,0.730711758
1824,0.713526084
1825,0.713312561
1826,0.712065294
1827,0.71295953
1828,0.701499846
1829,0.69692925
1830,0.71477343
1831,0.717579416
1832,0.704559445
1833,0.696487366
1834,0.706574867
1835,0.712820494
1836,0.71684934
1837,0.721769072
1838,0.720317806
1839,0.722653406
1840,0.727080936
1841,0.723900513
1842,0.722900894
1843,0.739112388
1844,0.725976006
1845,0.741878217
1846,0.743970777
1847,0.769164154
1848,0.762333232
1849,0.752870927
1850,0.751370547
1851,0.745942911
1852,0.739537877
1853,0.730727457
1854,0.718799782
1855,0.722660953
1856,0.735820348
1857,0.716259954
1858,0.708774134
1859,0.716022591
1860,0.735033608
1861,0.733525824
1862,0.732049431
1863,0.729479984
1864,0.738872493
1865,0.752518039
1866,0.746116032
1867,0.74945491
1868,0.735561627
1869,0.726436614
1870,0.725527469
1871,0.726800695
1872,0.719563411
1873,0.725866102
1874,0.731149942
1875,0.718094406
1876,0.720810349
1877,0.7062943
1878,0.712687407
1879,0.710807102
1880,0.697641325
1881,0.69483735
1882,0.689791649
1883,0.699798841
1884,0.695635333
1885,0.696717482
1886,0.685609848
1887,0.684628614
1888,0.685480382
1889,0.693321281
1890,0.703920558
1891,0.704490833
1892,0.698897026
1893,0.691825654
1894,0.705673533
1895,0.688323389
1896,0.685055948
1897,0.683226934
1898,0.698663915
1899,0.689992854
1900,0.691956725
1901,0.695003279
1902,0.687416816
1903,0.686033628
1904,0.676014517
1905,0.67995781
1906,0.67785613
1907,0.679327727
1908,0.668808357
1909,0.662634577
1910,0.664263963
1911,0.67440958
1912,0.669299963
1913,0.655054707
1914,0.662804748
1915,0.666220295
1916,0.669569994
1917,0.663985327
1918,0.648202506
1919,0.657917603
1920,0.663535479
1921,0.660673414
1922,0.665430869
1923,0.676741913
1924,0.673558778
1925,0.700211346
1926,0.699778836
1927,0.711251611
1928,0.705935998
1929,0.705111875
1930,0.698988934
1931,0.699929905
1932,0.699854427
1933,0.722800866
1934,0.725853839
1935,0.73816607
1936,0.738861344
1937,0.732428029
1938,0.748539698
1939,0.736090455
1940,0.759733109
1941,0.752631551
1942,0.762814358
1943,0.759271694
1944,0.77648848
1945,0.781783985
1946,0.77063081
1947,0.761859306
1948,0.738019801
1949,0.730867391
1950,0.752593922
1951,0.750041981
1952,0.772792936
1953,0.759398323
1954,0.752817187
1955,0.753595236
1956,0.770520477
1957,0.783165739
1958,0.777395848
1959,0.772045432
1960,0.779255315
1961,0.79752268
1962,0.798456834
1963,0.798436538
1964,0.79542418
1965,0.783366281
1966,0.801407165
1967,0.806918479
1968,0.806992466
1969,0.807318108
1970,0.81472017
1971,0.827192813
1972,0.831401039
1973,0.846974636
1974,0.835197232
1975,0.827684437
1976,0.837560763
1977,0.834144292
1978,0.829698768
1979,0.835638743
1980,0.85103939
1981,0.849729231
1982,0.845343019
1983,0.845519974
1984,0.835061622
1985,0.83047975
1986,0.824226078
1987,0.813676202
1988,0.816153358
1989,0.81722726
1990,0.808954325
1991,0.823686511
1992,0.821915791
1993,0.806808304
1994,0.80197847
1995,0.803191688
1996,0.807757358
1997,0.811985403
1998,0.809532412
1999,0.80718912
2000,0.795349743
2001,0.792757709
2002,0.794187953
2003,0.792957844
2004,0.799104814
2005,0.804375669
2006,0.810251441
2007,0.81339933
2008,0.810236058
2009,0.829552797
2010,0.849463978
2011,0.847092831
2012,0.825620851
2013,0.845761007
2014,0.857545209
2015,0.862813719
2016,0.89115785
2017,0.916173393
2018,0.910235294
2019,0.918438349
2020,0.919087788
2021,0.933927941
2022,0.933683606
2023,0.941026723
2024,0.95781988
2025,0.975987868
2026,0.993181481
2027,0.991743618
2028,0.96717026
2029,0.960614757
2030,0.972681467
2031,0.967299528
2032,0.973288476
2033,0.978821657
2034,0.97289933
2035,0.981827756
2036,0.964850698
2037,0.96119462
2038,0.986238397
2039,0.979300393
2040,0.980217943
2041,1.005369789
2042,1.004184314
2043,0.992855366
2044,0.990154746
2045,0.979869535
2046,0.973126618
2047,0.956834042
2048,0.962824831
2049,0.951287449
2050,0.946698012
2051,0.939614049
2052,0.94050744
2053,0.935866499
2054,0.913176538
2055,0.895690814
2056,0.896716581
2057,0.894698424
2058,0.897678639
2059,0.895484378
2060,0.896594032
2061,0.911448762
2062,0.889936297
2063,0.894542216
2064,0.885754291
2065,0.89374969
2066,0.878058547
2067,0.861774604
2068,0.848997957
2069,0.857000915
2070,0.855479682
2071,0.861444998
2072,0.882665795
2073,0.892069601
2074,0.901578375
2075,0.905826336
2076,0.915668016
2077,0.91811573
2078,0.929041666
2079,0.941492565
2080,0.944494193
2081,0.945666068
2082,0.948654864
2083,0.94734956
2084,0.945080997
2085,0.941705204
2086,0.916847192
2087,0.921940784
2088,0.94359799
2089,0.939553966
2090,0.938856766
2091,0.932984591
2092,0.935897278
2093,0.944748139
2094,0.923887222
2095,0.930551965
2096,0.930601016
2097,0.932029667
2098,0.92721695
2099,0.936866815
2100,0.948393049
2101,0.949692698
2102,0.95494221
2103,0.955280638
2104,0.97323882
2105,0.972537903
2106,0.971115811
2107,0.968405264
2108,0.973708555
2109,0.972845383
2110,0.984213101
2111,0.979938081
2112,0.974505055
2113,0.971621097
2114,0.984599834
2115,0.968618124
2116,0.975185839
2117,0.956185058
2118,0.962168097
2119,0.969752209
2120,0.958096681
2121,0.950831027
2122,0.953506948
2123,0.9570843
2124,0.940841977
2125,0.921513695
2126,0.925877423
2127,0.92435171
2128,0.912466851
2129,0.905979333
2130,0.907940759
2131,0.901874348
2132,0.902602823
2133,0.900743637
2134,0.899638488
2135,0.908417331
2136,0.899320654
2137,0.882921368
2138,0.885955948
2139,0.875238992
2140,0.875878481
2141,0.872351042
2142,0.86225587
2143,0.856226179
2144,0.860297538
2145,0.853828323
2146,0.849623621
2147,0.846389165
2148,0.849513734
2149,0.829319792
2150,0.840310657
2151,0.840366984
2152,0.822895152
2153,0.831598164
2154,0.809711874
2155,0.813099627
2156,0.823395355
2157,0.812981404
2158,0.814082824
2159,0.809051463
2160,0.810742097
2161,0.818634567
2162,0.814605996
2163,0.801358117
2164,0.802190159
2165,0.79710078
2166,0.78288775
2167,0.785278191
2168,0.796343645
2169,0.797721454
2170,0.805453813
2171,0.822954951
2172,0.810639095
2173,0.816976956
2174,0.81534859
2175,0.817022776
2176,0.823307485
2177,0.814241523
2178,0.821245057
2179,0.825199244
2180,0.826181638
2181,0.827957404
2182,0.80815484
2183,0.821678282
2184,0.81820622
2185,0.829311535
2186,0.840328521
2187,0.848712408
2188,0.857999767
2189,0.835644977
2190,0.823807938
2191,0.823096318
2192,0.811508394
2193,0.818667945
2194,0.825589592
2195,0.812273265
2196,0.817418652
2197,0.824850255
2198,0.816482558
2199,0.825207016
2200,0.823507244
2201,0.833819425
2202,0.838064436
2203,0.850216496
2204,0.856498128
2205,0.854901067
2206,0.849163235
2207,0.872728057
2208,0.868894628
2209,0.874611525
2210,0.888058917
2211,0.877960307
2212,0.883955354
2213,0.884498048
2214,0.873568101
2215,0.876658338
2216,0.866612939
2217,0.865977634
2218,0.87087433
2219,0.883236634
2220,0.869797573
2221,0.880420395
2222,0.877476603
2223,0.884132315
2224,0.87833172
2225,0.86728162
2226,0.87371176
2227,0.861161702
2228,0.855621159
2229,0.861076056
2230,0.871493362
2231,0.871470022
2232,0.860751631
2233,0.853219882
2234,0.862243569
2235,0.861944274
2236,0.872296328
2237,0.882176217
2238,0.871724234
2239,0.899020782
2240,0.895075032
2241,0.902404416
2242,0.894468357
2243,0.892617687
2244,0.911214227
2245,0.922898087
2246,0.914099043
2247,0.902861068
2248,0.914983038
2249,0.913610412
2250,0.905160248
2251,0.904264836
2252,0.898556217
2253,0.92205533
2254,0.921866168
2255,0.923050017
2256,0.928713128
2257,0.936270397
2258,0.939658349
2259,0.958236238
2260,0.959052523
2261,0.949733595
2262,0.954563539
2263,0.955474613
2264,0.969829173
2265,0.966546093
2266,0.968234078
2267,0.979906898
2268,0.976973378
2269,0.972039615
2270,0.969388124
2271,0.980502247
2272,0.96569058
2273,0.965674718
2274,0.958465764
2275,0.967620989
2276,0.986167125
2277,0.970054875
2278,0.957334261
2279,0.948482502
2280,0.934481074
2281,0.934445796
2282,0.945262799
2283,0.93948617
2284,0.941664541
2285,0.941731248
2286,0.949500886
2287,0.954682687
2288,0.959047739
2289,0.967774371
2290,0.970749826
2291,0.972345469
2292,0.977789902
2293,0.971522067
2294,0.977517236
2295,0.977453722
2296,0.976073496
2297,0.986768388
2298,0.983894018
2299,0.97509191
2300,0.962123209
2301,0.962580728
2302,0.968823809
2303,0.978438454
2304,0.981606631
2305,0.977584381
2306,0.986744471
2307,0.985837633
2308,0.975254205
2309,0.978251126
2310,0.988595632
2311,0.986823185
2312,0.988733486
2313,0.984068717
2314,0.991668037
2315,1.006043439
2316,1.003059672
2317,0.99118312
2318,1.012858516
2319,1.018885081
2320,1.029154447
2321,1.034936042
2322,1.035557204
2323,1.045537243
2324,1.050099176
2325,1.041119019
2326,1.025497282
2327,1.02844168
2328,1.036249413
2329,1.034906723
2330,1.03239477
2331,1.021354118
2332,1.012624835
2333,0.994696942
2334,0.981842889
2335,0.993826389
2336,1.009801947
2337,1.018073644
2338,1.019471233
2339,1.020533808
2340,0.999651611
2341,1.004778994
2342,1.003344094
2343,1.02939858
2344,1.010550029
2345,1.011631328
2346,0.990450249
2347,0.979134159
2348,0.992975127
2349,0.977603691
2350,0.992887791
2351,0.992873653
2352,0.991033033
2353,0.989231134
2354,0.98890761
2355,0.998630133
2356,0.998243679
2357,1.005789332
2358,1.008794807
2359,1.015360786
2360,1.023096993
2361,1.033004747
2362,1.048019014
2363,1.046989133
2364,1.045296176
2365,1.028039704
2366,1.016968553
2367,1.019930431
2368,1.010168071
2369,1.029346081
2370,1.029921347
2371,1.030798782
2372,1.032756277
2373,1.030468923
2374,1.040363243
2375,1.01111176
2376,1.019315515
2377,1.015432816
2378,0.992674868
2379,0.993826771
2380,0.997715937
2381,1.001585699
2382,0.994609968
2383,0.999910296
2384,1.007655601
2385,1.016880093
2386,1.010287425
2387,1.015078898
2388,1.015005921
2389,1.005405729
2390,1.021918783
2391,1.009253265
2392,1.007711975
2393,1.013077302
2394,1.033285496
2395,1.030631354
2396,1.037598748
2397,1.046688443
2398,1.045152802
2399,1.040202677
2400,1.034336348
2401,1.03811448
2402,1.028452784
2403,1.017987213
2404,1.028038333
2405,1.031136386
2406,1.036489104
2407,1.027081821
2408,1.026623315
2409,1.024517258
2410,1.037288937
2411,1.028013944
2412,1.027094661
2413,1.026206548
2414,1.043440706
2415,1.05343273
2416,1.049546884
2417,1.041138985
2418,1.046581349
2419,1.055687106
2420,1.059888886
2421,1.057960292
2422,1.050132693
2423,1.05795503
2424,1.056861685
2425,1.065160495
2426,1.054176436
2427,1.046581943
2428,1.0486686
2429,1.054727974
2430,1.065922591
2431,1.065716891
2432,1.048856368
2433,1.055101014
2434,1.051576638
2435,1.059180921
2436,1.075864911
2437,1.079027904
2438,1.094506723
2439,1.084576978
2440,1.064488059
2441,1.050575091
2442,1.044732406
2443,1.058730792
2444,1.058616176
2445,1.048779325
2446,1.048498046
2447,1.029224328
2448,1.020904552
2449,1.023349024
2450,1.038163324
2451,1.035726644
2452,1.039660025
2453,1.034993721
2454,1.047964865
2455,1.052543388
2456,1.042631831
2457,1.054302465
2458,1.048311938
2459,1.049146519
2460,1.054170742
2461,1.054562161
2462,1.049027368
2463,1.073591062
2464,1.060282236
2465,1.038109756
2466,1.027312962
2467,1.0096477
2468,1.010235894
2469,1.010305392
2470,1.024676477
2471,1.029665735
2472,1.026834441
2473,1.02861697
2474,1.011751766
2475,1.018446576
2476,1.007899523
2477,0.998026696
2478,0.976137861
2479,0.969521073
2480,0.973875836
2481,0.968758269
2482,0.969418564
2483,0.980911866
2484,0.983628821
2485,0.960372807
2486,0.962599806
2487,0.960681846
2488,0.961193458
2489,0.944047371
2490,0.945344265
2491,0.93934033
2492,0.92759245
2493,0.941261974
2494,0.950727229
2495,0.959509203
2496,0.953740877
2497,0.942388596
2498,0.958814464
2499,0.958196033
2500,0.966202046
2501,0.950037557
2502,0.955746277
2503,0.941906868
2504,0.930487462
2505,0.920324907
2506,0.920243832
2507,0.938489009
2508,0.943965646
2509,0.953414403
2510,0.957494825
2511,0.949296917
2512,0.926773623
2513,0.927595634
2514,0.908616601
2515,0.906223253
2516,0.909120841
2517,0.919480492
2518,0.934496445
2519,0.917804479
2520,0.914296195
2521,0.903068254
2522,0.919507406
2523,0.928941964
2524,0.926693417
2525,0.933792688
2526,0.951644015
2527,0.942785906
2528,0.949315389
2529,0.952377413
2530,0.946024777
2531,0.941513406
2532,0.941751456
2533,0.951490836
2534,0.944138441
2535,0.952715133
2536,0.920405217
2537,0.904396354
2538,0.912073473
2539,0.904785998
2540,0.908896843
2541,0.896008958
2542,0.886286981
2543,0.862060928
2544,0.866415388
2545,0.866492534
2546,0.859808282
2547,0.840316196
2548,0.834337196
2549,0.827468145
2550,0.824761239
2551,0.819238706
2552,0.841039253
2553,0.817211693
2554,0.813108516
2555,0.818540246
2556,0.826517083
2557,0.836205549
2558,0.83097949
2559,0.830628975
2560,0.831342718
2561,0.816499647
2562,0.805372746
2563,0.802149717
2564,0.798072049
2565,0.803579199
2566,0.807731274
2567,0.800335594
2568,0.80511367
2569,0.80582291
2570,0.808510756
2571,0.803604294
2572,0.820305997
2573,0.836452502
2574,0.856221678
2575,0.864491011
2576,0.881954468
2577,0.899297791
2578,0.901901596
2579,0.90957523
2580,0.912921993
2581,0.912373574
2582,0.914723371
2583,0.922037119
2584,0.925586705
2585,0.925371639
2586,0.920703167
2587,0.919149215
2588,0.919251171
2589,0.903358645
2590,0.894993129
2591,0.894364517
2592,0.872774673
2593,0.863448219
2594,0.862018903
2595,0.866654695
2596,0.857943976
2597,0.847536829
2598,0.859516035
2599,0.849644646
2600,0.840378636
2601,0.826926858
2602,0.834654519
2603,0.839042528
2604,0.845508154
2605,0.826780886
2606,0.817956836
2607,0.825333439
2608,0.826320136
2609,0.823555834
2610,0.8049846
2611,0.799374869
2612,0.804350938
2613,0.79254434
2614,0.795452482
2615,0.797942443
2616,0.802374278
2617,0.796058312
2618,0.785830775
2619,0.768435057
2620,0.757759704
2621,0.76250141
2622,0.7663386
2623,0.771970359
2624,0.754199416
2625,0.772820069
2626,0.765238904
2627,0.740428596
2628,0.731436005
2629,0.723662576
2630,0.72378662
2631,0.719012412
2632,0.706059631
2633,0.72049939
2634,0.731861879
2635,0.72389696
2636,0.706806998
2637,0.704021023
2638,0.694645359
2639,0.699659847
2640,0.694778267
2641,0.685608485
2642,0.672117434
2643,0.675825516
2644,0.665149706
2645,0.655743158
2646,0.659897827
2647,0.653064678
2648,0.654771849
2649,0.654916446
2650,0.664902706
2651,0.672142153
2652,0.668516131
2653,0.66836373
2654,0.67420317
2655,0.670419815
2656,0.656493907
2657,0.665072143
2658,0.661075666
2659,0.649170705
2660,0.668011027
2661,0.655409318
2662,0.650830966
2663,0.644244542
2664,0.644115293
2665,0.637175823
2666,0.64354653
2667,0.660934186
2668,0.662690778
2669,0.655116534
2670,0.66155298
2671,0.671392341
2672,0.666490086
2673,0.657916
2674,0.671182034
2675,0.676685052
2676,0.680559944
2677,0.669410149
2678,0.667085687
2679,0.648017488
2680,0.658026514
2681,0.649816944
2682,0.654473429
2683,0.660565994
2684,0.659347432
2685,0.646230037
2686,0.645939133
2687,0.636341462
2688,0.64239889
2689,0.663488178
2690,0.677102338
2691,0.682074153
2692,0.68602922
2693,0.680321644
2694,0.661359397
2695,0.667751594
2696,0.666386855
2697,0.668540819
2698,0.667570092
2699,0.670190666
2700,0.683828822
2701,0.683161818
2702,0.685812805
2703,0.711832822
2704,0.715202077
2705,0.710805147
2706,0.717491543
2707,0.736514523
2708,0.723576767
2709,0.710601345
2710,0.715781815
2711,0.695323808
2712,0.690891194
2713,0.675932402
2714,0.666391469
2715,0.663712692
2716,0.64977545
2717,0.660905302
2718,0.666531548
2719,0.673768199
2720,0.677293491
2721,0.678586197
2722,0.693204138
2723,0.697885162
2724,0.700829461
2725,0.697959474
2726,0.698661578
2727,0.681128179
2728,0.689967805
2729,0.693911562
2730,0.694105059
2731,0.683150801
2732,0.688628721
2733,0.694070617
2734,0.707321643
2735,0.710580015
2736,0.699699858
2737,0.70703704
2738,0.708747019
2739,0.688452678
2740,0.683652084
2741,0.685440436
2742,0.685208159
2743,0.682138552
2744,0.689920725
2745,0.689840387
2746,0.690221883
2747,0.680795769
2748,0.660127772
2749,0.651819881
2750,0.646451491
2751,0.641361215
2752,0.646839911
2753,0.631412081
2754,0.632947286
2755,0.639036744
2756,0.642844097
2757,0.637034212
2758,0.631332005
2759,0.631435018
2760,0.637294111
2761,0.634560515
2762,0.636403531
2763,0.639752092
2764,0.646935041
2765,0.630313287
2766,0.608502187
2767,0.616464534
2768,0.610653053
2769,0.603893775
2770,0.597811302
2771,0.594034764
2772,0.587928765
2773,0.584822957
2774,0.576472561
2775,0.570646879
2776,0.560064266
2777,0.584923353
2778,0.583820517
2779,0.589759085
2780,0.586862749
2781,0.604950648
2782,0.594135687
2783,0.577414375
2784,0.571573704
2785,0.570392614
2786,0.570655617
2787,0.575460602
2788,0.571668094
2789,0.561991798
2790,0.559872099
2791,0.564679514
2792,0.552245252
2793,0.553992415
2794,0.542393534
2795,0.54514271
2796,0.548221765
2797,0.555721389
2798,0.540761064
2799,0.541048297
2800,0.545245922
2801,0.53898096
2802,0.545155228
2803,0.55458358
2804,0.551501026
2805,0.54273861
2806,0.559020121
2807,0.554590432
2808,0.543460588
2809,0.543365195
2810,0.541506317
2811,0.523985559
2812,0.53703201
2813,0.53423225
2814,0.535658438
2815,0.52267689
2816,0.539164236
2817,0.551427428
2818,0.546932606
2819,0.543604123
2820,0.548104217
2821,0.546649315
2822,0.553516563
2823,0.563193507
2824,0.559587169
2825,0.564710567
2826,0.556888159
2827,0.559593761
2828,0.545548519
2829,0.563924171
2830,0.558995614
2831,0.564889237
2832,0.570685883
2833,0.571440267
2834,0.588347848
2835,0.612499658
2836,0.607236628
2837,0.624693593
2838,0.611369713
2839,0.614755921
2840,0.640352854
2841,0.62810206
2842,0.616670291
2843,0.616706094
2844,0.608326695
2845,0.605307167
2846,0.595624083
2847,0.600392556
2848,0.608389279
2849,0.605077437
2850,0.612149069
2851,0.605914504
2852,0.622091286
2853,0.624208774
2854,0.641591606
2855,0.645590408
2856,0.638279758
2857,0.636734647
2858,0.632039686
2859,0.634745269
2860,0.630516725
2861,0.612478685
2862,0.599572695
2863,0.603602792
2864,0.576621432
2865,0.561873309
2866,0.548424737
2867,0.561691341
2868,0.554599194
2869,0.560487684
2870,0.559606824
2871,0.551407068
2872,0.549212008
2873,0.54246863
2874,0.550084944
2875,0.547106136
2876,0.534637003
2877,0.529278831
2878,0.517621468
2879,0.537307294
2880,0.521728216
2881,0.537033344
2882,0.546581515
2883,0.547103419
2884,0.550483965
2885,0.533522792
2886,0.531333499
2887,0.528219197
2888,0.536859933
2889,0.542541638
2890,0.543778212
2891,0.538566818
2892,0.540412816
2893,0.5484371
2894,0.538727305
2895,0.554251489
2896,0.55745402
2897,0.563432738
2898,0.56031419
2899,0.556718689
2900,0.549470214
2901,0.555170786
2902,0.558872818
2903,0.574958612
2904,0.566818201
2905,0.559249461
2906,0.565193438
2907,0.568185583
2908,0.572391489
2909,0.561757292
2910,0.569564921
2911,0.578339294
2912,0.572365055
2913,0.576688967
2914,0.588904719
2915,0.593042838
2916,0.603818326
2917,0.605980374
2918,0.594658025
2919,0.598253498
2920,0.582946329
2921,0.568344635
2922,0.577498141
2923,0.586939585
2924,0.597653159
2925,0.611778333
2926,0.623503255
2927,0.62052209
2928,0.619329599
2929,0.617400273
2930,0.627965492
2931,0.627253751
2932,0.630485798
2933,0.618353119
2934,0.62327316
2935,0.621583666
2936,0.604316361
2937,0.601264462
2938,0.587481625
2939,0.581394795
2940,0.574355734
2941,0.566644748
2942,0.558502155
2943,0.558661436
2944,0.556668
2945,0.551165874
2946,0.559711022
2947,0.565073934
2948,0.551881228
2949,0.542327769
2950,0.546534991
2951,0.541262857
2952,0.545826496
2953,0.558329428
2954,0.565610341
2955,0.559435486
2956,0.554498897
2957,0.540084506
2958,0.552876982
2959,0.569717107
2960,0.568024677
2961,0.556147804
2962,0.555018087
2963,0.563344036
2964,0.577165415
2965,0.568746945
2966,0.569986919
2967,0.570956381
2968,0.562696842
2969,0.564125101
2970,0.566525052
2971,0.550855383
2972,0.552722059
2973,0.550371958
2974,0.544944506
2975,0.53816345
2976,0.530534694
2977,0.535531943
2978,0.524971519
2979,0.530463283
2980,0.521325136
2981,0.532210928
2982,0.525208502
2983,0.51880585
2984,0.50805414
2985,0.496507224
2986,0.492974159
2987,0.509089997
2988,0.501274148
2989,0.499388181
2990,0.480659528
2991,0.476029759
2992,0.471600123
2993,0.467833707
2994,0.465210718
2995,0.466322528
2996,0.46545296
2997,0.470242066
2998,0.456259774
2999,0.457721876
3000,0.458101207
3001,0.45230869
3002,0.45094462
3003,0.443413238
3004,0.428782539
3005,0.400745396
3006,0.398468709
3007,0.403276708
3008,0.40571305
3009,0.389170954
3010,0.386579765
3011,0.370913431
3012,0.388863786
3013,0.382516911
3014,0.378288637
3015,0.379311651
3016,0.367849734
3017,0.369388711
3018,0.363203737
3019,0.365706381
3020,0.37173625
3021,0.380829582
3022,0.380743031
3023,0.403441595
3024,0.412501336
3025,0.419879545
3026,0.426956922
3027,0.426520698
3028,0.420927013
3029,0.419154235
3030,0.409892104
3031,0.413562186
3032,0.432006661
3033,0.432246931
3034,0.42028533
3035,0.429652116
3036,0.422074486
3037,0.407883662
3038,0.4013799
3039,0.407949728
3040,0.425541528
3041,0.424329407
3042,0.429347014
3043,0.432499778
3044,0.426845086
3045,0.439248455
3046,0.447952243
3047,0.445302651
3048,0.446630577
3049,0.449198148
3050,0.45734768
3051,0.44836084
3052,0.443489533
3053,0.443632407
3054,0.457713043
3055,0.476346038
3056,0.471735866
3057,0.470473948
3058,0.468398053
3059,0.467231794
3060,0.45427414
3061,0.464636489
3062,0.464607459
3063,0.453022748
3064,0.455040045
3065,0.461081749
3066,0.460659969
3067,0.475860376
3068,0.495095758
3069,0.497664469
3070,0.49276998
3071,0.509811132
3072,0.517146313
3073,0.533441609
3074,0.532905478
3075,0.528745473
3076,0.541145906
3077,0.539666588
3078,0.537583233
3079,0.5344745
3080,0.54695533
3081,0.553234503
3082,0.556932466
3083,0.556667292
3084,0.549566476
3085,0.541333144
3086,0.549005641
3087,0.555213233
3088,0.561763378
3089,0.552296422
3090,0.554715023
3091,0.567455716
3092,0.572156422
3093,0.577402333
3094,0.59321629
3095,0.591326008
3096,0.585985866
3097,0.591886074
3098,0.603215712
3099,0.601324336
3100,0.601704004
3101,0.613236693
3102,0.5996919
3103,0.60660312
3104,0.594580663
3105,0.591701442
3106,0.587465385
3107,0.606162895
3108,0.602427529
3109,0.607212236
3110,0.603701454
3111,0.616430371
3112,0.620367297
3113,0.611543548
3114,0.61250257
3115,0.603647666
3116,0.601202109
3117,0.589767929
3118,0.588999729
3119,0.581032989
3120,0.588935012
3121,0.583447386
3122,0.581492817
3123,0.580921442
3124,0.579715332
3125,0.575078935
3126,0.58376908
3127,0.57355069
3128,0.568218253
3129,0.575842421
3130,0.571703542
3131,0.566034721
3132,0.586826071
3133,0.56874949
3134,0.550234974
3135,0.523042294
3136,0.541508368
3137,0.534589641
3138,0.52104167
3139,0.522678146
3140,0.525114676
3141,0.518858447
3142,0.525611936
3143,0.538166802
3144,0.537848976
3145,0.545002479
3146,0.557161253
3147,0.556826211
3148,0.553350478
3149,0.545984221
3150,0.542601398
3151,0.546050711
3152,0.553321857
3153,0.555793764
3154,0.561931233
3155,0.562477422
3156,0.56290181
3157,0.561879059
3158,0.56517812
3159,0.573983027
3160,0.584120911
3161,0.589346481
3162,0.575181145
3163,0.570600964
3164,0.565589996
3165,0.570291722
3166,0.567437748
3167,0.577319761
3168,0.584811241
3169,0.569106278
3170,0.574837733
3171,0.569658091
3172,0.563536288
3173,0.562979423
3174,0.558945544
3175,0.549161811
3176,0.539369398
3177,0.545612918
3178,0.54287866
3179,0.54084376
3180,0.550388081
3181,0.547407348
3182,0.547587449
3183,0.553374118
3184,0.559895161
3185,0.581701012
3186,0.584548259
3187,0.5683753
3188,0.572401305
3189,0.581918285
3190,0.562765955
3191,0.564235355
3192,0.568405952
3193,0.56643827
3194,0.561649862
3195,0.577471695
3196,0.559775114
3197,0.558085694
3198,0.571765805
3199,0.584209326
3200,0.586228814
3201,0.571877732
3202,0.568419175
3203,0.579498715
3204,0.586633513
3205,0.584254344
3206,0.577226081
3207,0.586970563
3208,0.60575747
3209,0.598171292
3210,0.587853244
3211,0.601356091
3212,0.580176134
3213,0.586986687
3214,0.585461127
3215,0.58265801
3216,0.579606672
3217,0.572690046
3218,0.583629507
3219,0.582905923
3220,0.577155641
3221,0.589844102
3222,0.610331823
3223,0.605019986
3224,0.608482686
3225,0.573059907
3226,0.562200103
3227,0.554843093
3228,0.564028774
3229,0.562767276
3230,0.560147571
3231,0.563336759
3232,0.566052028
3233,0.587286247
3234,0.577462591
3235,0.582603958
3236,0.554265376
3237,0.571156084
3238,0.577379831
3239,0.551809082
3240,0.534272539
3241,0.528991822
3242,0.519139588
3243,0.533635014
3244,0.549046621
3245,0.567889611
3246,0.5610657
3247,0.561241422
3248,0.568395471
3249,0.576657465
3250,0.583907422
3251,0.603956973
3252,0.615743795
3253,0.608723692
3254,0.595094876
3255,0.606073366
3256,0.598114656
3257,0.58466709
3258,0.596803468
3259,0.578373412
3260,0.57781433
3261,0.567342537
3262,0.583459044
3263,0.597818695
3264,0.59570856
3265,0.603613853
3266,0.61710985
3267,0.613542608
3268,0.610859561
3269,0.603517974
3270,0.613024882
3271,0.62259883
3272,0.620638575
3273,0.603956938
3274,0.616529293
3275,0.617047596
3276,0.612610827
3277,0.610058377
3278,0.625697757
3279,0.613411524
3280,0.605662785
3281,0.606702207
3282,0.604387331
3283,0.580976348
3284,0.564986375
3285,0.561350609
3286,0.560593501
3287,0.539547862
3288,0.549504996
3289,0.559938328
3290,0.558497537
3291,0.565465161
3292,0.563318898
3293,0.56214885
3294,0.553086884
3295,0.548063689
3296,0.553509278
3297,0.549563071
3298,0.560292193
3299,0.565147058
3300,0.558324126
3301,0.566332776
3302,0.565799651
3303,0.556023571
3304,0.575100563
3305,0.563714267
3306,0.575004647
3307,0.568346848
3308,0.574090209
3309,0.575191326
3310,0.568630563
3311,0.562595953
3312,0.561345718
3313,0.564887171
3314,0.577937822
3315,0.568070603
3316,0.578146707
3317,0.557168789
3318,0.544947368
3319,0.544399472
3320,0.544725678
3321,0.560375417
3322,0.561250863
3323,0.558432186
3324,0.545981547
3325,0.54277256
3326,0.539406326
3327,0.546579686
3328,0.541228895
3329,0.543808584
3330,0.557811009
3331,0.568261757
3332,0.57803734
3333,0.568597092
3334,0.5679079
3335,0.56846882
3336,0.573659865
3337,0.56659119
3338,0.565545548
3339,0.549095718
3340,0.564026347
3341,0.565439216
3342,0.57401873
3343,0.569665946
3344,0.579734013
3345,0.579209788
3346,0.572774993
3347,0.582925247
3348,0.586156295
3349,0.587664016
3350,0.593619869
3351,0.595794081
3352,0.59296491
3353,0.601217016
3354,0.606061918
3355,0.597928416
3356,0.592526939
3357,0.621645588
3358,0.614880194
3359,0.610963794
3360,0.642681726
3361,0.638440364
3362,0.63469289
3363,0.638298619
3364,0.640827823
3365,0.645478955
3366,0.62889061
3367,0.636456046
3368,0.642848524
3369,0.641438946
3370,0.629277513
3371,0.617755931
3372,0.620847431
3373,0.612944624
3374,0.615656124
3375,0.613336007
3376,0.60584435
3377,0.59775502
3378,0.604051864
3379,0.603207752
3380,0.608504233
3381,0.6033019
3382,0.59423508
3383,0.596017079
3384,0.584522596
3385,0.572505383
3386,0.588354784
3387,0.565254695
3388,0.57473075
3389,0.571659188
3390,0.556401309
3391,0.55995409
3392,0.552799703
3393,0.549266439
3394,0.547082904
3395,0.547544197
3396,0.532010902
3397,0.531858904
3398,0.537290125
3399,0.535893503
3400,0.533394071
3401,0.556789395
3402,0.568612758
3403,0.571350881
3404,0.567677587
3405,0.56146352
3406,0.564870259
3407,0.555144826
3408,0.54535198
3409,0.551843749
3410,0.537250058
3411,0.540008419
3412,0.548966206
3413,0.539635948
3414,0.548377302
3415,0.563412565
3416,0.552522972
3417,0.560482416
3418,0.56478267
3419,0.566212597
3420,0.560902337
3421,0.56135203
3422,0.566350331
3423,0.565096809
3424,0.565795645
3425,0.572851006
3426,0.589837443
3427,0.587371715
3428,0.589778904
3429,0.601570402
3430,0.598883693
3431,0.588616635
3432,0.579364192
3433,0.576526305
3434,0.589218658
3435,0.592058217
3436,0.592828788
3437,0.605743802
3438,0.626475246
3439,0.626328153
3440,0.629008665
3441,0.625670186
3442,0.621145159
3443,0.634904707
3444,0.622897091
3445,0.638125945
3446,0.636092362
3447,0.649416274
3448,0.638911891
3449,0.632748767
3450,0.642423689
3451,0.639240039
3452,0.634530841
3453,0.631894729
3454,0.618130856
3455,0.621887975
3456,0.623269169
3457,0.630791467
3458,0.63079524
3459,0.634419047
3460,0.6500668
3461,0.643181951
3462,0.654514636
3463,0.658490673
3464,0.66131609
3465,0.659175428
3466,0.654769521
3467,0.660238977
3468,0.648784783
3469,0.650939706
3470,0.641955309
3471,0.641368285
3472,0.63849672
3473,0.640835791
3474,0.645577762
3475,0.644001758
3476,0.646952049
3477,0.632494416
3478,0.647482922
3479,0.657060877
3480,0.671485503
3481,0.668753565
3482,0.675477427
3483,0.680734324
3484,0.692753462
3485,0.718180418
3486,0.71324149
3487,0.711716661
3488,0.718343346
3489,0.715199172
3490,0.70067627
3491,0.693200274
3492,0.679905575
3493,0.684251574
3494,0.688509411
3495,0.701592736
3496,0.700477727
3497,0.701434095
3498,0.716367463
3499,0.708154822
3500,0.711131403
3501,0.718662886
3502,0.72230001
3503,0.698938016
3504,0.689560699
3505,0.687403159
3506,0.686190175
3507,0.70066579
3508,0.72515807
3509,0.73096858
3510,0.731805315
3511,0.744934275
3512,0.758568363
3513,0.763264716
3514,0.757796868
3515,0.770779274
3516,0.757946991
3517,0.750677186
3518,0.74923179
3519,0.755543245
3520,0.765957746
3521,0.749550793
3522,0.746956629
3523,0.764670235
3524,0.769524352
3525,0.762761539
3526,0.771267671
3527,0.773155634
3528,0.76965767
3529,0.772474522
3530,0.771996265
3531,0.775291594
3532,0.775923631
3533,0.770234242
3534,0.764414132
3535,0.766270666
3536,0.759964944
3537,0.764727424
3538,0.768594314
3539,0.767844362
3540,0.759675907
3541,0.758738929
3542,0.761498122
3543,0.75090045
3544,0.750583881
3545,0.75240774
3546,0.744157562
3547,0.732558643
3548,0.741725009
3549,0.739812795
3550,0.750570388
3551,0.72100776
3552,0.726797463
3553,0.721773544
3554,0.734420017
3555,0.740127888
3556,0.739124041
3557,0.740647313
3558,0.748542621
3559,0.74257179
3560,0.742194798
3561,0.755350832
3562,0.753778985
3563,0.765154786
3564,0.781589025
3565,0.793672864
3566,0.813572159
3567,0.812078132
3568,0.812446348
3569,0.798996488
3570,0.796934947
3571,0.785261743
3572,0.774287949
3573,0.763288427
3574,0.75780833
3575,0.746489633
3576,0.744735373
3577,0.728738388
3578,0.711841799
3579,0.723985593
3580,0.732272769
3581,0.723832037
3582,0.721440032
3583,0.723320795
3584,0.720670566
3585,0.7183143
3586,0.714762857
3587,0.725128741
3588,0.710312078
3589,0.712395094
3590,0.709406903
3591,0.708797045
3592,0.705037173
3593,0.685192917
3594,0.668128521
3595,0.679882374
3596,0.677693435
3597,0.645933354
3598,0.665842363
3599,0.667107193
3600,0.67761031
3601,0.673604565
3602,0.676463644
3603,0.67413435
3604,0.678145901
3605,0.69536015
3606,0.688354756
3607,0.679497943
3608,0.689010292
3609,0.691145848
3610,0.689808097
3611,0.690828346
3612,0.703716324
3613,0.706649377
3614,0.688943104
3615,0.68112419
3616,0.684976122
3617,0.698904149
3618,0.699367359
3619,0.704181582
3620,0.722122948
3621,0.71410333
3622,0.706320893
3623,0.704378397
3624,0.695588986
3625,0.690286504
3626,0.705329279
3627,0.694985492
3628,0.695756358
3629,0.707418644
3630,0.705882326
3631,0.701640945
3632,0.690191897
3633,0.676508459
3634,0.672590276
3635,0.670266584
3636,0.65774059
3637,0.631600052
3638,0.634613341
3639,0.640355579
3640,0.628645263
3641,0.646946965
3642,0.633980354
3643,0.641922975
3644,0.646304753
3645,0.661265042
3646,0.656321457
3647,0.653830628
3648,0.658758712
3649,0.649337866
3650,0.662881948
3651,0.663796218
3652,0.656442059
3653,0.657323314
3654,0.66329817
3655,0.660208987
3656,0.664535506
3657,0.679843664
3658,0.678577094
3659,0.683298773
3660,0.669725519
3661,0.662415436
3662,0.667328231
3663,0.666525569
3664,0.665629862
3665,0.662438399
3666,0.658680184
3667,0.643107858
3668,0.639315147
3669,0.640537102
3670,0.638123074
3671,0.654857433
3672,0.642543699
3673,0.653245953
3674,0.651922573
3675,0.63612276
3676,0.63220037
3677,0.621817865
3678,0.608532505
3679,0.628190816
3680,0.626959983
3681,0.615697992
3682,0.613284109
3683,0.610320596
3684,0.621901476
3685,0.617802827
3686,0.605467643
3687,0.601845574
3688,0.619201629
3689,0.619714614
3690,0.622310718
3691,0.634384487
3692,0.63113121
3693,0.632751075
3694,0.625309917
3695,0.615309266
3696,0.61351206
3697,0.611818957
3698,0.595265662
3699,0.589480077
3700,0.588383858
3701,0.597872033
3702,0.587759588
3703,0.586928592
3704,0.58717983
3705,0.580905499
3706,0.560016094
3707,0.550615843
3708,0.561538998
3709,0.564545022
3710,0.572987059
3711,0.571018127
3712,0.575466023
3713,0.562600789
3714,0.582133461
3715,0.584193258
3716,0.57081981
3717,0.58008012
3718,0.573255915
3719,0.577912288
3720,0.578319184
3721,0.567862188
3722,0.572763266
3723,0.574075783
3724,0.57336671
3725,0.574052805
3726,0.570121905
3727,0.579116415
3728,0.562488727
3729,0.56695845
3730,0.579164418
3731,0.591916775
3732,0.588958297
3733,0.582231484
3734,0.583521868
3735,0.576489089
3736,0.574718904
3737,0.569860463
3738,0.561326834
3739,0.55878859
3740,0.537878066
3741,0.538235806
3742,0.53355712
3743,0.54133923
3744,0.549730332
3745,0.551304013
3746,0.550158906
3747,0.551954782
3748,0.564550097
3749,0.565425559
3750,0.59005268
3751,0.585705579
3752,0.595977182
3753,0.611822735
3754,0.628317248
3755,0.641637079
3756,0.638202363
3757,0.633245488
3758,0.617052923
3759,0.628062001
3760,0.63055815
3761,0.630018839
3762,0.633953169
3763,0.642295355
3764,0.632478909
3765,0.627681853
3766,0.631902706
3767,0.643684214
3768,0.633540463
3769,0.632899892
3770,0.636796766
3771,0.630888386
3772,0.640333147
3773,0.615036736
3774,0.615407938
3775,0.613485599
3776,0.613057959
3777,0.61427522
3778,0.608562959
3779,0.608934594
3780,0.618398408
3781,0.613801719
3782,0.611055893
3783,0.602495588
3784,0.614137918
3785,0.610893329
3786,0.618208301
3787,0.625372358
3788,0.630886021
3789,0.620574176
3790,0.621378686
3791,0.630131239
3792,0.652658092
3793,0.652223883
3794,0.633223383
3795,0.628887422
3796,0.636983708
3797,0.632842051
3798,0.651945426
3799,0.632739121
3800,0.639079682
3801,0.625789063
3802,0.624772027
3803,0.613971404
3804,0.616544813
3805,0.619307671
3806,0.633763307
3807,0.650578039
3808,0.667445192
3809,0.659829364
3810,0.680082376
3811,0.654304452
3812,0.663040818
3813,0.662320413
3814,0.668883084
3815,0.671741148
3816,0.66056189
3817,0.672181215
3818,0.680011403
3819,0.690038034
3820,0.693356869
3821,0.694913338
3822,0.681861348
3823,0.693569048
3824,0.676007984
3825,0.686479161
3826,0.693392148
3827,0.689116555
3828,0.685068283
3829,0.692736307
3830,0.692954417
3831,0.700341421
3832,0.690381837
3833,0.691347614
3834,0.699619163
3835,0.685631531
3836,0.677605378
3837,0.689192266
3838,0.693805303
3839,0.690439826
3840,0.688160595
3841,0.697563461
3842,0.705804605
3843,0.708369166
3844,0.713623538
3845,0.731134443
3846,0.742714138
3847,0.72371704
3848,0.716079349
3849,0.72968487
3850,0.731010909
3851,0.728870589
3852,0.730527957
3853,0.739725164
3854,0.730772905
3855,0.733345924
3856,0.719100143
3857,0.70379662
3858,0.692868661
3859,0.692683928
3860,0.706784956
3861,0.707937083
3862,0.727736196
3863,0.735217464
3864,0.73370307
3865,0.714695003
3866,0.704669303
3867,0.707081728
3868,0.709802733
3869,0.711736079
3870,0.718837798
3871,0.720763242
3872,0.707542806
3873,0.709279938
3874,0.702178288
3875,0.685654981
3876,0.686117882
3877,0.660746039
3878,0.656767636
3879,0.658324306
3880,0.657833387
3881,0.658024888
3882,0.662103656
3883,0.666107127
3884,0.669043158
3885,0.672744987
3886,0.662382589
3887,0.65200802
3888,0.656017272
3889,0.657503794
3890,0.667853249
3891,0.661183576
3892,0.656239068
3893,0.657305293
3894,0.640053418
3895,0.629870699
3896,0.631691986
3897,0.632932841
3898,0.634182732
3899,0.618075958
3900,0.612980086
3901,0.620945965
3902,0.618173962
3903,0.625152734
3904,0.641143312
3905,0.634018692
3906,0.614701151
3907,0.610666649
3908,0.620237398
3909,0.620671909
3910,0.639934975
3911,0.638689606
3912,0.643866985
3913,0.640991281
3914,0.639325883
3915,0.627059617
3916,0.62775575
3917,0.627469509
3918,0.646905225
3919,0.662808709
3920,0.670960476
3921,0.6699563
3922,0.683053628
3923,0.686734201
3924,0.695624852
3925,0.685033893
3926,0.701870072
3927,0.711302667
3928,0.704730436
3929,0.714048569
3930,0.715904044
3931,0.715839875
3932,0.719727196
3933,0.723720123
3934,0.722535977
3935,0.720000764
3936,0.713636076
3937,0.72300137
3938,0.730406232
3939,0.722759646
3940,0.71039414
3941,0.709602504
3942,0.707693161
3943,0.692712573
3944,0.699806862
3945,0.702724432
3946,0.714102281
3947,0.720529568
3948,0.725414174
3949,0.731454075
3950,0.73763029
3951,0.730502898
3952,0.727912612
3953,0.717160692
3954,0.730017098
3955,0.72768423
3956,0.727089924
3957,0.712522112
3958,0.720091803
3959,0.709873573
3960,0.704655281
3961,0.701965493
3962,0.689621573
3963,0.690101206
3964,0.686527284
3965,0.695932013
3966,0.70465259
3967,0.701841322
3968,0.701948862
3969,0.734125675
3970,0.732608432
3971,0.728292915
3972,0.725648482
3973,0.727271346
3974,0.726756637
3975,0.736590539
3976,0.738669351
3977,0.737211426
3978,0.742446762
3979,0.746502985
3980,0.755807927
3981,0.751910362
3982,0.752790787
3983,0.743715994
3984,0.746151465
3985,0.75044296
3986,0.754212778
3987,0.739829421
3988,0.738280306
3989,0.73167461
3990,0.742619284
3991,0.740049526
3992,0.748288356
3993,0.769130721
3994,0.773407188
3995,0.788519218
3996,0.800301319
3997,0.791487331
3998,0.797906547
3999,0.794818785
4000,0.801808179
4001,0.80316685
4002,0.806418225
4003,0.811427029
4004,0.801171191
4005,0.799710914
4006,0.820348272
4007,0.820666169
4008,0.821398183
4009,0.822485299
4010,0.839732958
4011,0.8406394
4012,0.848095338
4013,0.849547687
4014,0.837954925
4015,0.838327449
4016,0.829017865
4017,0.835612093
4018,0.830867025
4019,0.818580726
4020,0.815819029
4021,0.809835209
4022,0.812394431
4023,0.818996554
4024,0.820582629
4025,0.810202154
4026,0.818132627
4027,0.803826528
4028,0.807629818
4029,0.801996318
4030,0.79138817
4031,0.8078888
4032,0.821107476
4033,0.812987365
4034,0.821184216
4035,0.81425644
4036,0.830324752
4037,0.837448532
4038,0.84081869
4039,0.82491846
4040,0.808688506
4041,0.809838449
4042,0.811409897
4043,0.814209999
4044,0.815643662
4045,0.812554788
4046,0.816115137
4047,0.821854413
4048,0.815051697
4049,0.80999698
4050,0.821807692
4051,0.818524284
4052,0.832883636
4053,0.855248863
4054,0.869232384
4055,0.864117184
4056,0.862911851
4057,0.872910816
4058,0.87943749
4059,0.887331753
4060,0.895593458
4061,0.891844164
4062,0.891465108
4063,0.870596594
4064,0.887996384
4065,0.883974113
4066,0.875679797
4067,0.867929957
4068,0.857450088
4069,0.839653454
4070,0.850981741
4071,0.857769547
4072,0.854722998
4073,0.859227015
4074,0.850190199
4075,0.835085685
4076,0.831577908
4077,0.827317316
4078,0.813677861
4079,0.815529957
4080,0.809074386
4081,0.813407389
4082,0.817687958
4083,0.820622886
4084,0.832430257
4085,0.829088044
4086,0.818845108
4087,0.821816655
4088,0.830940283
4089,0.840014108
4090,0.853294694
4091,0.857310205
4092,0.850968141
4093,0.8738565
4094,0.86696615
4095,0.856272237
4096,0.867092227
4097,0.883237663
4098,0.889673917
4099,0.892280201
4100,0.909866174
4101,0.920898402
4102,0.910547896
4103,0.933647549
4104,0.928071969
4105,0.932148704
4106,0.937521693
4107,0.926495555
4108,0.931304802
4109,0.9290392
4110,0.921750116
4111,0.906394811
4112,0.917385208
4113,0.931105195
4114,0.940332587
4115,0.933722017
4116,0.932416227
4117,0.919425017
4118,0.919176635
4119,0.928971149
4120,0.938695493
4121,0.934801754
4122,0.933689027
4123,0.934275005
4124,0.928661303
4125,0.940640756
4126,0.943440584
4127,0.938417144
4128,0.944971773
4129,0.950972462
4130,0.942262989
4131,0.947421431
4132,0.95753033
4133,0.955492353
4134,0.950589595
4135,0.949058164
4136,0.947009643
4137,0.950903287
4138,0.96371334
4139,0.954008752
4140,0.94022616
4141,0.937743739
4142,0.943150619
4143,0.959501806
4144,0.960958156
4145,0.963699839
4146,0.962581106
4147,0.946832607
4148,0.941017745
4149,0.940886619
4150,0.949174342
4151,0.957815104
4152,0.951745178
4153,0.94774382
4154,0.955682116
4155,0.957715399
4156,0.952080099
4157,0.95768359
4158,0.950543447
4159,0.970942474
4160,0.98352903
4161,0.994731247
4162,1.010698382
4163,1.00798084
4164,1.017906893
4165,1.019795952
4166,1.021218288
4167,1.016080489
4168,1.011726146
4169,1.01068847
4170,1.013056953
4171,1.000971643
4172,1.028785793
4173,1.044179386
4174,1.034559054
4175,1.032355111
4176,1.034076978
4177,1.035549734
4178,1.050604679
4179,1.045729917
4180,1.043360306
4181,1.031584307
4182,1.028109168
4183,1.016409584
4184,1.013285815
4185,1.001862771
4186,1.008777008
4187,1.009539478
4188,1.022957364
4189,1.01461288
4190,1.030243309
4191,1.030531328
4192,1.029185486
4193,1.022055017
4194,1.031410297
4195,1.03008498
4196,1.02169931
4197,1.018136463
4198,1.020696529
4199,1.036188529
4200,1.038390925
4201,1.031728595
4202,1.027283199
4203,1.018509137
4204,1.014347474
4205,1.005286655
4206,1.000552768
4207,1.001546748
4208,1.005757996
4209,0.999520801
4210,1.019809831
4211,1.015228026
4212,1.016860433
4213,1.006481754
4214,1.027222189
4215,1.018962159
4216,1.031366116
4217,1.037621834
4218,1.025734696
4219,1.017938264
4220,1.022421785
4221,1.024016555
4222,1.03358414
4223,1.0287056
4224,1.043805152
4225,1.049199761
4226,1.065520559
4227,1.057316921
4228,1.05488794
4229,1.048727602
4230,1.060215419
4231,1.045394261
4232,1.041620163
4233,1.035132776
4234,1.032182029
4235,1.039591127
4236,1.043789558
4237,1.029085579
4238,1.022555744
4239,1.014678617
4240,1.038608642
4241,1.011845268
4242,1.007286046
4243,1.020996265
4244,1.01292269
4245,1.008775736
4246,1.017691125
4247,1.035901041
4248,1.038443586
4249,1.05861267
4250,1.033758712
4251,1.034185049
4252,1.038152492
4253,1.023889312
4254,1.017929367
4255,1.02977053
4256,1.047669059
4257,1.049250892
4258,1.051678272
4259,1.059227266
4260,1.054212962
4261,1.045798478
4262,1.039862992
4263,1.058054664
4264,1.051103415
4265,1.048078126
4266,1.050117577
4267,1.05869719
4268,1.067737888
4269,1.095818147
4270,1.095056162
4271,1.089868867
4272,1.088744538
4273,1.096989995
4274,1.098126233
4275,1.093410686
4276,1.105182178
4277,1.100510568
4278,1.101644937
4279,1.111865658
4280,1.117119781
4281,1.129795252
4282,1.131257454
4283,1.124189331
4284,1.137110032
4285,1.151453569
4286,1.132930403
4287,1.111776167
4288,1.130004543
4289,1.141332265
4290,1.16000625
4291,1.178092071
4292,1.184688482
4293,1.204085343
4294,1.218453231
4295,1.207405805
4296,1.192139096
4297,1.19210329
4298,1.191757431
4299,1.183865949
4300,1.203629155
4301,1.183858331
4302,1.182612594
4303,1.193288036
4304,1.165523735
4305,1.161047518
4306,1.16811844
4307,1.173443939
4308,1.176599237
4309,1.182709684
4310,1.193526394
4311,1.182060196
4312,1.173903651
4313,1.169741784
4314,1.167943826
4315,1.157789411
4316,1.128442251
4317,1.13025769
4318,1.158952608
4319,1.163860249
4320,1.160976255
4321,1.154526168
4322,1.161644594
4323,1.158783076
4324,1.15890379
4325,1.154580072
4326,1.163141926
4327,1.168469864
4328,1.167627916
4329,1.148521378
4330,1.14026999
4331,1.119724905
4332,1.103716643
4333,1.115578614
4334,1.117526751
4335,1.113944898
4336,1.11126257
4337,1.12488306
4338,1.137425124
4339,1.149633941
4340,1.136932683
4341,1.123999809
4342,1.106329526
4343,1.111978885
4344,1.116223862
4345,1.100009118
4346,1.10542725
4347,1.112434234
4348,1.092941174
4349,1.083691574
4350,1.080474154
4351,1.081937107
4352,1.097789665
4353,1.084778963
4354,1.075529293
4355,1.069611108
4356,1.090566427
4357,1.07654055
4358,1.07166326
4359,1.083307935
4360,1.091421804
4361,1.093451433
4362,1.085686533
4363,1.089290049
4364,1.087610031
4365,1.076470792
4366,1.08060369
4367,1.069249595
4368,1.065983926
4369,1.054783028
4370,1.056881862
4371,1.042673788
4372,1.027247561
4373,1.020248621
4374,1.006571317
4375,1.021179611
4376,1.023969126
4377,1.02833068
4378,1.041093178
4379,1.031105646
4380,1.029589583
4381,1.013840644
4382,1.005755388
4383,0.978985816
4384,0.991063044
4385,0.99020401
4386,0.974674275
4387,0.973591642
4388,0.980509115
4389,0.979049018
4390,0.978616809
4391,0.973539691
4392,0.970467441
4393,0.969251944
4394,0.962667896
4395,0.953153073
4396,0.961973831
4397,0.964831434
4398,0.975663276
4399,0.970296268
4400,0.960089621
4401,0.971661062
4402,0.976676322
4403,0.974703487
4404,0.982672921
4405,0.977700791
4406,0.952045791
4407,0.939361306
4408,0.932128921
4409,0.938183605
4410,0.92620424
4411,0.920090995
4412,0.918013244
4413,0.920138053
4414,0.907678117
4415,0.91797466
4416,0.912938984
4417,0.916916155
4418,0.918695157
4419,0.914066113
4420,0.897731338
4421,0.891732533
4422,0.908961686
4423,0.89958764
4424,0.89664804
4425,0.889510607
4426,0.885274415
4427,0.887839858
4428,0.892689195
4429,0.895408145
4430,0.886930435
4431,0.894753872
4432,0.899044584
4433,0.922511173
4434,0.926669883
4435,0.921843362
4436,0.933734737
4437,0.927111469
4438,0.928397317
4439,0.923062532
4440,0.911663916
4441,0.903023181
4442,0.902943122
4443,0.902537404
4444,0.894221204
4445,0.912868901
4446,0.900210888
4447,0.907578485
4448,0.904935951
4449,0.911693932
4450,0.908835198
4451,0.919038694
4452,0.931624744
4453,0.925337057
4454,0.927469842
4455,0.92552481
4456,0.916453947
4457,0.918230865
4458,0.911785133
4459,0.924245854
4460,0.937077356
4461,0.936749845
4462,0.940587297
4463,0.950468541
4464,0.961834969
4465,0.971779343
4466,0.958383859
4467,0.946021353
4468,0.951171756
4469,0.962471599
4470,0.976657141
4471,0.982514324
4472,0.982372619
4473,0.962485559
4474,0.987915359
4475,0.987410842
4476,0.992312252
4477,0.979475335
4478,0.975809491
4479,0.96684223
4480,0.956078621
4481,0.959805946
4482,0.970863606
4483,0.954425394
4484,0.945409412
4485,0.964549043
4486,0.980600435
4487,0.988031757
4488,1.015993627
4489,1.013200555
4490,1.007671065
4491,1.011045833
4492,1.00096494
4493,0.984950576
4494,0.994746178
4495,0.999970575
4496,1.021025931
4497,1.016564809
4498,1.024928385
4499,1.013891543
4500,1.003689908
4501,0.992401217
4502,0.999640517
4503,1.020559243
4504,1.014014327
4505,1.026899399
4506,1.005256412
4507,1.005331929
4508,1.012358495
4509,1.005350938
4510,0.990210117
4511,1.00802529
4512,1.003601809
4513,1.002702626
4514,1.012025408
4515,1.011307872
4516,1.023343744
4517,1.033100003
4518,1.028596482
4519,1.029197664
4520,1.02569238
4521,1.018912964
4522,1.010331125
4523,1.016461113
4524,1.012097606
4525,1.00364576
4526,1.017290105
4527,1.008746039
4528,1.013907272
4529,1.018705179
4530,1.015317906
4531,1.003274125
4532,0.993382948
4533,0.978187955
4534,0.9799522
4535,0.996656483
4536,0.99295435
4537,0.994571871
4538,1.009331824
4539,1.005933465
4540,1.01814995
4541,1.009529776
4542,0.996520415
4543,1.008758414
4544,0.988683111
4545,0.989792369
4546,0.986797717
4547,0.994861235
4548,1.00834785
4549,1.000851602
4550,1.010042397
4551,1.003542916
4552,0.99914027
4553,0.974300583
4554,0.983399938
4555,0.986647517
4556,0.990155656
4557,0.979632398
4558,1.00277341
4559,0.996018138
4560,1.021298081
4561,1.017592953
4562,1.006668443
4563,1.018182337
4564,1.007781751
4565,1.009591252
4566,1.012550629
4567,1.030933699
4568,1.03882422
4569,1.004929995
4570,1.019808192
4571,1.002011161
4572,0.99498568
4573,0.98454531
4574,0.986926334
4575,0.973667575
4576,0.984760312
4577,0.99976555
4578,0.990138816
4579,0.999739306
4580,1.010386146
4581,1.019020024
4582,1.009447872
4583,0.996636532
4584,0.993258909
4585,1.002345821
4586,0.992628613
4587,1.002551519
4588,0.997912971
4589,0.983902149
4590,0.986586475
4591,1.005735576
4592,1.010518865
4593,1.013786349
4594,1.003226702
4595,0.999857731
4596,1.000689045
4597,0.997583286
4598,1.001060823
4599,1.010772011
4600,0.994565082
4601,0.98899318
4602,0.982139157
4603,0.984849162
4604,0.99874293
4605,1.008154126
4606,1.013942056
4607,1.026726284
4608,1.004112845
4609,0.989096661
4610,0.973657435
4611,0.979887945
4612,0.972000614
4613,0.97650968
4614,0.985638833
4615,0.970819726
4616,0.968852203
4617,0.958703111
4618,0.960924774
4619,0.961607977
4620,0.936582534
4621,0.933655887
4622,0.925768618
4623,0.929867366
4624,0.922044145
4625,0.909025603
4626,0.927013029
4627,0.923162558
4628,0.920261167
4629,0.925059143
4630,0.928140278
4631,0.930648737
4632,0.926033106
4633,0.92407661
4634,0.912087498
4635,0.928564213
4636,0.935646866
4637,0.906742513
4638,0.907920567
4639,0.906168872
4640,0.91247773
4641,0.914412768
4642,0.906730041
4643,0.909607444
4644,0.915837008
4645,0.923197992
4646,0.9255071
4647,0.928426048
4648,0.930434293
4649,0.920818407
4650,0.922323824
4651,0.905929319
4652,0.925304821
4653,0.913246788
4654,0.912670627
4655,0.908395413
4656,0.899652498
4657,0.884996234
4658,0.88513435
4659,0.896535963
4660,0.905437653
4661,0.901451599
4662,0.890542299
4663,0.879482191
4664,0.909248036
4665,0.913655992
4666,0.909449587
4667,0.924200424
4668,0.901773588
4669,0.916451439
4670,0.905443028
4671,0.918236512
4672,0.904612407
4673,0.891487687
4674,0.913176038
4675,0.909719894
4676,0.910400664
4677,0.90183658
4678,0.899953241
4679,0.898721604
4680,0.875627712
4681,0.8686648
4682,0.867165861
4683,0.871676444
4684,0.882465636
4685,0.881095605
4686,0.879901611
4687,0.888102456
4688,0.896537121
4689,0.89967567
4690,0.897035251
4691,0.88988922
4692,0.885725788
4693,0.880542832
4694,0.881278784
4695,0.870272564
4696,0.857281961
4697,0.853013119
4698,0.869634982
4699,0.854301625
4700,0.83766304
4701,0.842225089
4702,0.825211919
4703,0.834148401
4704,0.85250349
4705,0.859143202
4706,0.865050111
4707,0.866132965
4708,0.861057744
4709,0.871169589
4710,0.872721926
4711,0.870403167
4712,0.865654868
4713,0.862377765
4714,0.873583701
4715,0.897303042
4716,0.901271576
4717,0.910513408
4718,0.909556409
4719,0.902952835
4720,0.90912878
4721,0.911364725
4722,0.911482629
4723,0.903109272
4724,0.897614773
4725,0.88015331
4726,0.886993457
4727,0.87534422
4728,0.886184339
4729,0.887471393
4730,0.899703116
4731,0.887482391
4732,0.876749618
4733,0.873293664
4734,0.849858129
4735,0.857101236
4736,0.845315843
4737,0.846539703
4738,0.841627078
4739,0.842694414
4740,0.822784158
4741,0.844589098
4742,0.840185401
4743,0.840521401
4744,0.85037371
4745,0.855956676
4746,0.834284511
4747,0.852614533
4748,0.850697286
4749,0.8476694
4750,0.83622144
4751,0.817474115
4752,0.817466059
4753,0.833888701
4754,0.845864087
4755,0.842580239
4756,0.850545611
4757,0.839573989
4758,0.832535652
4759,0.83683057
4760,0.823831228
4761,0.82438081
4762,0.837163683
4763,0.843886949
4764,0.846999563
4765,0.866450874
4766,0.873533159
4767,0.872468809
4768,0.861333747
4769,0.861301371
4770,0.871165804
4771,0.881046445
4772,0.888316757
4773,0.889645535
4774,0.888305507
4775,0.890768597
4776,0.881449689
4777,0.86380854
4778,0.86268095
4779,0.872242381
4780,0.881352876
4781,0.875811803
4782,0.881814651
4783,0.878230256
4784,0.899202179
4785,0.906055819
4786,0.911291486
4787,0.896390776
4788,0.897881621
4789,0.906327415
4790,0.912372179
4791,0.908680597
4792,0.909071997
4793,0.912680189
4794,0.917555145
4795,0.925919433
4796,0.950528272
4797,0.950605952
4798,0.941381742
4799,0.946925991
4800,0.949550392
4801,0.950274114
4802,0.932081847
4803,0.93368709
4804,0.952081319
4805,0.969791631
4806,0.977402265
4807,0.979279166
4808,0.97715747
4809,0.98356766
4810,0.97623162
4811,0.982363856
4812,0.970263364
4813,0.979977248
4814,0.978123775
4815,0.996373579
4816,0.995393277
4817,1.005465492
4818,0.999477143
4819,1.019969035
4820,1.014440122
4821,1.020262382
4822,1.030237512
4823,1.031476564
4824,1.033886946
4825,1.04351362
4826,1.0460906
4827,1.030274687
4828,1.039729499
4829,1.035810184
4830,1.043984171
4831,1.051226565
4832,1.050512995
4833,1.048086665
4834,1.054562603
4835,1.048158512
4836,1.060037325
4837,1.07045366
4838,1.077551898
4839,1.078268325
4840,1.088359569
4841,1.08681325
4842,1.094492327
4843,1.113364061
4844,1.110028861
4845,1.108492252
4846,1.126738146
4847,1.117163652
4848,1.125745377
4849,1.138015458
4850,1.131026877
4851,1.12820383
4852,1.133106224
4853,1.13437525
4854,1.124906615
4855,1.130906023
4856,1.133193191
4857,1.148412979
4858,1.134269608
4859,1.129289983
4860,1.13549099
4861,1.137709731
4862,1.143412738
4863,1.130147973
4864,1.146132192
4865,1.153335644
4866,1.148279378
4867,1.148142565
4868,1.160335345
4869,1.166031468
4870,1.15978986
4871,1.16239301
4872,1.148948642
4873,1.134572569
4874,1.12838864
4875,1.125253793
4876,1.139724605
4877,1.129921352
4878,1.13042531
4879,1.131186413
4880,1.132381468
4881,1.116146569
4882,1.11679886
4883,1.107778053
4884,1.08691221
4885,1.095410811
4886,1.098759313
4887,1.11490279
4888,1.124395955
4889,1.132835566
4890,1.147127821
4891,1.146642025
4892,1.137477786
4893,1.115891067
4894,1.129062175
4895,1.141496559
4896,1.143279428
4897,1.128860476
4898,1.129088676
4899,1.122075664
4900,1.10520581
4901,1.112620855
4902,1.093317551
4903,1.093147699
4904,1.092723955
4905,1.090154634
4906,1.093946484
4907,1.10808851
4908,1.117457359
4909,1.113523803
4910,1.097161902
4911,1.105169174
4912,1.095431548
4913,1.097186438
4914,1.09891238
4915,1.085489652
4916,1.07150066
4917,1.069580694
4918,1.07269077
4919,1.074432564
4920,1.086096184
4921,1.092306814
4922,1.07843075
4923,1.064380107
4924,1.054831558
4925,1.049125642
4926,1.027667247
4927,1.043029444
4928,1.036874411
4929,1.04648539
4930,1.028819089
4931,1.02828315
4932,1.02815453
4933,1.04028962
4934,1.038838013
4935,1.037665273
4936,1.029842519
4937,1.028312678
4938,1.025360607
4939,1.017638965
4940,1.009731178
4941,1.030725561
4942,1.030016752
4943,1.03216342
4944,1.032827357
4945,1.03304656
4946,1.0411032
4947,1.042267162
4948,1.039538127
4949,1.034294743
4950,1.057521279
4951,1.070687903
4952,1.080615362
4953,1.086265811
4954,1.077955667
4955,1.092567231
4956,1.087149849
4957,1.087582938
4958,1.086240103
4959,1.083771482
4960,1.055837139
4961,1.052375781
4962,1.039392522
4963,1.03756114
4964,1.056419901
4965,1.056672641
4966,1.055970388
4967,1.062757272
4968,1.060247254
4969,1.055089138
4970,1.036500881
4971,1.029885382
4972,1.030319462
4973,1.011455687
4974,1.036006239
4975,1.041844501
4976,1.037588906
4977,1.030558191
4978,1.023390721
4979,1.017140734
4980,1.03146749
4981,1.039642435
4982,1.057697565
4983,1.058352215
4984,1.062878194
4985,1.056885365
4986,1.054863588
4987,1.082382311
4988,1.075530715
4989,1.083682906
4990,1.08028466
4991,1.072019243
4992,1.066970837
4993,1.072145901
4994,1.06928204
4995,1.080591132
4996,1.083741488
4997,1.074441762
4998,1.077661616
4999,1.07101013
